step,x,y,velocity
0,12.0000000000,0.0000000000,0.0000000000
1,11.9999995783,0.0000199956,0.0200000000
2,11.9999979811,0.0000799743,0.0600000000
3,11.9999942470,0.0001999162,0.1200000000
4,11.9999870957,0.0003997883,0.2000000000
5,11.9999754363,0.0006995616,0.3000000000
6,11.9999578155,0.0011191918,0.4200000000
7,11.9999333193,0.0016786558,0.5600000000
8,11.9999014142,0.0023979486,0.7200000000
9,11.9998609839,0.0032970400,0.9000000000
10,11.9998106033,0.0043958856,1.1000000000
11,11.9997499187,0.0057144900,1.3200000000
12,11.9996753757,0.0072727080,1.5600000000
13,11.9995840944,0.0090904175,1.8200000000
14,11.9994779230,0.0111877318,2.1000000000
15,11.9993548347,0.0135845734,2.4000000000
16,11.9992156148,0.0163010081,2.7200000000
17,11.9990583100,0.0193569622,3.0600000000
18,11.9988797460,0.0227722974,3.4200000000
19,11.9986792797,0.0265670060,3.8000000000
20,11.9984584824,0.0307611983,4.2000000000
21,11.9981997576,0.0353739481,4.6200000000
22,11.9979141395,0.0404258807,5.0600000000
23,11.9976157920,0.0459378122,5.5200000000
24,11.9972963367,0.0519293018,6.0000000000
25,11.9969498499,0.0584200604,6.5000000000
26,11.9965809286,0.0654303598,7.0200000000
27,11.9961816097,0.0729798064,7.5600000000
28,11.9957352016,0.0810875262,8.1200000000
29,11.9952611095,0.0897745991,8.7000000000
30,11.9947602353,0.0990611014,9.3000000000
31,11.9942144028,0.1089660732,9.9200000000
32,11.9936251332,0.1195096192,10.5600000000
33,11.9930010062,0.1307122468,11.2200000000
34,11.9923272994,0.1425931609,11.9000000000
35,11.9916120397,0.1551728431,12.6000000000
36,11.9908400742,0.1684704545,13.3200000000
37,11.9900208149,0.1825065656,14.0600000000
38,11.9891424455,0.1973005125,14.8200000000
39,11.9881943181,0.2128716735,15.6000000000
40,11.9872192372,0.2292426606,16.4000000000
41,11.9861663483,0.2464304418,17.2200000000
42,11.9850357961,0.2644550209,18.0600000000
43,11.9838246101,0.2833362134,18.9200000000
44,11.9825375887,0.3030943402,19.8000000000
45,11.9811647148,0.3237487639,20.7000000000
46,11.9797016776,0.3453192048,21.6200000000
47,11.9781765457,0.3678275938,22.5600000000
48,11.9765486291,0.3912911887,23.5200000000
49,11.9748430334,0.4157317481,24.5000000000
50,11.9731029086,0.4411723056,25.5000000000
51,11.9712786923,0.4676294905,26.5200000000
52,11.9693249010,0.4951201489,27.5600000000
53,11.9672306769,0.5236634253,28.6200000000
54,11.9649920569,0.5532789378,29.7000000000
55,11.9626013362,0.5839860128,30.8000000000
56,11.9600654770,0.6158051237,31.9200000000
57,11.9574199261,0.6487591016,33.0600000000
58,11.9546984798,0.6828707144,34.2200000000
59,11.9518140123,0.7181530025,35.4000000000
60,11.9487485078,0.7546243978,36.6000000000
61,11.9454828909,0.7923031471,37.8200000000
62,11.9420112380,0.8312085610,39.0600000000
63,11.9383202004,0.8713592601,40.3200000000
64,11.9344804700,0.9127816752,41.6000000000
65,11.9304128513,0.9554884015,42.9000000000
66,11.9261101181,0.9994985695,44.2200000000
67,11.9215591113,1.0448306987,45.5600000000
68,11.9166411009,1.0914922415,46.9200000000
69,11.9114628858,1.1395138626,48.3000000000
70,11.9060123776,1.1889140848,49.7000000000
71,11.9002480691,1.2393560235,50.7702317565
72,11.8944001409,1.2897883363,50.7702317565
73,11.8882725327,1.3401874320,50.7702317565
74,11.8819964782,1.3905682574,50.7702317565
75,11.8754519289,1.4409149088,50.7702317565
76,11.8686829874,1.4912318828,50.7702317565
77,11.8617955681,1.5415327763,50.7702317565
78,11.8548125358,1.5918204854,50.7702317565
79,11.8476206770,1.6420787544,50.7702317565
80,11.8401862442,1.6923017137,50.7702317565
81,11.8325428094,1.7424932901,50.7702317565
82,11.8245846681,1.7926359308,50.7702317565
83,11.8163932922,1.8427409983,50.7702317565
84,11.8080486570,1.8928207697,50.7702317565
85,11.7994197899,1.9434184490,51.3281842487
86,11.7908083769,1.9934530370,50.7702317565
87,11.7820909015,2.0434692549,50.7702317565
88,11.7731887309,2.0934529301,50.7702317565
89,11.7641542792,2.1434128653,50.7702317565
90,11.7547610079,2.1938742262,51.3281842487
91,11.7451712189,2.2437305436,50.7702317565
92,11.7353130444,2.2935344875,50.7702317565
93,11.7252581884,2.3432990964,50.7702317565
94,11.7150281619,2.3930279914,50.7702317565
95,11.7045541969,2.4427060800,50.7702317565
96,11.6939325559,2.4923528037,50.7702317565
97,11.6831117462,2.5419564982,50.7702317565
98,11.6719837777,2.5914921899,50.7702317565
99,11.6606021574,2.6409702168,50.7702317565
100,11.6490545087,2.6904097581,50.7702317565
101,11.6372465367,2.7403612776,51.3281842487
102,11.6253744229,2.7897239087,50.7702317565
103,11.6133979342,2.8390613199,50.7702317565
104,11.6011995265,2.8883443320,50.7702317565
105,11.5886739840,2.9375452184,50.7702317565
106,11.5758687247,2.9872504277,51.3281842487
107,11.5630638480,3.0363793557,50.7702317565
108,11.5501282057,3.0854740152,50.7702317565
109,11.5368426116,3.1344751317,50.7702317565
110,11.5232991348,3.1834055994,50.7702317565
111,11.5096546669,3.2323080015,50.7702317565
112,11.4958657525,3.2811698708,50.7702317565
113,11.4819343975,3.3299913187,50.7702317565
114,11.4678784029,3.3787770282,50.7702317565
115,11.4535882957,3.4274946767,50.7702317565
116,11.4392353753,3.4761938564,50.7702317565
117,11.4245023337,3.5253016374,51.2702317565
118,11.4096566478,3.5738528685,50.7702317565
119,11.3945580486,3.6223260439,50.7702317565
120,11.3792550796,3.6707350882,50.7702317565
121,11.3637752286,3.7190878611,50.7702317565
122,11.3478628396,3.7677631496,51.2102317565
123,11.3317996133,3.8159252633,50.7702317565
124,11.3155762651,3.8640336763,50.7702317565
125,11.2990873183,3.9120517049,50.7702317565
126,11.2823716410,3.9599912769,50.7702317565
127,11.2655069949,4.0078786462,50.7702317565
128,11.2484408384,4.0556945718,50.7702317565
129,11.2311859506,4.1034427161,50.7702317565
130,11.2137630541,4.1511298119,50.7702317565
131,11.1961350915,4.1987414845,50.7702317565
132,11.1783764784,4.2463045804,50.7702317565
133,11.1604087978,4.2937890925,50.7702317565
134,11.1421892017,4.3411775167,50.7702317565
135,11.1237208195,4.3884695381,50.7702317565
136,11.1050161524,4.4356686045,50.7702317565
137,11.0860737079,4.4827727468,50.7702317565
138,11.0668724466,4.5299447732,50.9302317565
139,11.0475419203,4.5768909891,50.7702317565
140,11.0280543241,4.6237722223,50.7702317565
141,11.0083614232,4.6705675862,50.7702317565
142,10.9884299471,4.7172618331,50.7702317565
143,10.9683503081,4.7640014157,50.8702317565
144,10.9481359275,4.8105738888,50.7702317565
145,10.9277746055,4.8570823073,50.7702317565
146,10.9071209561,4.9034616475,50.7702317565
147,10.8862348245,4.9497367590,50.7702317565
148,10.8650714506,4.9958857355,50.7702317565
149,10.8437546350,5.0419640364,50.7702317565
150,10.8222852545,5.0879714503,50.7702317565
151,10.8005606477,5.1338588984,50.7702317565
152,10.7786352827,5.1796507623,50.7702317565
153,10.7563817025,5.2252840243,50.7702317565
154,10.7339207036,5.2708378515,50.7902317565
155,10.7112583193,5.3162694789,50.7702317565
156,10.6884262169,5.3616160503,50.7702317565
157,10.6655533765,5.4069420870,50.7702317565
158,10.6424959217,5.4521744892,50.7702317565
159,10.6192125307,5.4973135116,50.7902317565
160,10.5958125079,5.5423696473,50.7702317565
161,10.5722669882,5.5873499201,50.7702317565
162,10.5484551474,5.6321897758,50.7702317565
163,10.5244387238,5.6769203899,50.7702317565
164,10.5001345793,5.7214953267,50.7702317565
165,10.4756641902,5.7659792169,50.7702317565
166,10.4509779836,5.8103437032,50.7702317565
167,10.4260772081,5.8545881131,50.7702317565
168,10.4010557093,5.8987643627,50.7702317565
169,10.3758257487,5.9428218879,50.7702317565
170,10.3504361974,5.9867903804,50.7726073265
171,10.3249521640,6.0307014323,50.7702317565
172,10.2992759524,6.0744744498,50.7478561865
173,10.2733900312,6.1181210177,50.7454806165
174,10.2473070301,6.1616706433,50.7631050465
175,10.2209845958,6.2050731905,50.7607294765
176,10.1945387061,6.2484117571,50.7702317565
177,10.1678563680,6.2916051508,50.7702317565
178,10.1410000784,6.3346906025,50.7702317565
179,10.1138978733,6.3776217906,50.7702317565
180,10.0866390964,6.4204537356,50.7702317565
181,10.0591720758,6.4631524383,50.7702317565
182,10.0316230601,6.5057982841,50.7702317565
183,10.0040080838,6.5484014474,50.7702317565
184,9.9761885812,6.5908474283,50.7502317565
185,9.9481817814,6.6331220870,50.7102317565
186,9.9200070033,6.6752609227,50.6902317565
187,9.8916693430,6.7172903958,50.6902317565
188,9.8631910479,6.7592488790,50.7102317565
189,9.8344481051,6.8010750581,50.7502317565
190,9.8055065094,6.8427883710,50.7702317565
191,9.7762928929,6.8843605283,50.8102317565
192,9.7470728147,6.9258792405,50.7702317565
193,9.7176658121,6.9672657676,50.7702317565
194,9.6880411828,7.0084967969,50.7702317565
195,9.6582325836,7.0495950188,50.7702317565
196,9.6281973409,7.0905278984,50.7702317565
197,9.5979645867,7.1313151146,50.7702317565
198,9.5675862402,7.1719940096,50.7702317565
199,9.5370371253,7.2125448173,50.7702317565
200,9.5063107125,7.2529614474,50.7702317565
201,9.4753960548,7.2932342717,50.7702317565
202,9.4443518906,7.3334073510,50.7702317565
203,9.4130148998,7.3733524313,50.7702317565
204,9.3814931259,7.4131518559,50.7702317565
205,9.3499020601,7.4528963021,50.7702317565
206,9.3181160020,7.4924849739,50.7702317565
207,9.2862126564,7.5320048953,50.7902317565
208,9.2541173164,7.5713432428,50.7702317565
209,9.2219441397,7.6106179564,50.7702317565
210,9.1896823357,7.6498199007,50.7702317565
211,9.1572793952,7.6889052672,50.7702317565
212,9.1246761509,7.7278497932,50.7902317565
213,9.0919356916,7.7666528699,50.7702317565
214,9.0590987627,7.8053743437,50.7702317565
215,9.0260460079,7.8439117519,50.7702317565
216,8.9927197337,7.8822128730,50.7702317565
217,8.9591956797,7.9203143668,50.7502317565
218,8.9255020497,7.9582659850,50.7502317565
219,8.8916602920,7.9961124097,50.7702317565
220,8.8576397385,8.0337981945,50.7702317565
221,8.8234661162,8.0713452312,50.7702317565
222,8.7891007522,8.1087168540,50.7702317565
223,8.7545102167,8.1459074778,50.7902317565
224,8.7196830595,8.1828491285,50.7702317565
225,8.6846979895,8.2196412650,50.7702317565
226,8.6496008055,8.2563264678,50.7702317565
227,8.6144336097,8.2929445613,50.7702317565
228,8.5790833954,8.3294138634,50.7902317565
229,8.5436406780,8.3657653450,50.7702317565
230,8.5080643602,8.4019860856,50.7702317565
231,8.4723015930,8.4380227463,50.7702317565
232,8.4363628380,8.4738838996,50.7702317565
233,8.4003175647,8.5096379861,50.7702317565
234,8.3641293723,8.5452474114,50.7702317565
235,8.3277119168,8.5806223371,50.7702317565
236,8.2911360462,8.6158334450,50.7702317565
237,8.2544559116,8.6509359258,50.7702317565
238,8.2176480913,8.6859044945,50.7702317565
239,8.1806645207,8.7207163193,50.7902317565
240,8.1435331656,8.7553411501,50.7702317565
241,8.1062991534,8.7898555639,50.7702317565
242,8.0689636976,8.8242602173,50.7702317565
243,8.0316076529,8.8586425144,50.7702317565
244,7.9940809016,8.8928680982,50.7902317565
245,7.9565277055,8.9270349519,50.7702317565
246,7.9188870482,8.9611054281,50.7702317565
247,7.8810502379,8.9949579350,50.7702317565
248,7.8430075353,9.0285788989,50.7702317565
249,7.8047385385,9.0619420569,50.7702317565
250,7.7663645622,9.0951844151,50.7702317565
251,7.7278212646,9.1281995666,50.7502317565
252,7.6890964475,9.1610016178,50.7502317565
253,7.6501062588,9.1935190227,50.7702317565
254,7.6110040857,9.2259016800,50.7702317565
255,7.5717498676,9.2580998600,50.7702317565
256,7.5322782867,9.2900312040,50.7702317565
257,7.4926496203,9.3217673858,50.7702317565
258,7.4529111367,9.3533659515,50.7702317565
259,7.4130728527,9.3848385993,50.7702317565
260,7.3730964850,9.4161681008,50.7902317565
261,7.3329425848,9.4472370681,50.7702317565
262,7.2926769376,9.4781610731,50.7702317565
263,7.2523149776,9.5089592649,50.7702317565
264,7.2118110269,9.5395704788,50.7702317565
265,7.1711368013,9.5699884836,50.7902317565
266,7.1303036906,9.6001592227,50.7702317565
267,7.0894339501,9.6302803241,50.7702317565
268,7.0484195449,9.6602041439,50.7702317565
269,7.0073073709,9.6899934975,50.7702317565
270,6.9660851551,9.7196303893,50.7702317565
271,6.9246875821,9.7490218401,50.7702317565
272,6.8831921487,9.7782749672,50.7702317565
273,6.8415731291,9.8073519966,50.7702317565
274,6.7998883198,9.8363346311,50.7702317565
275,6.7580506151,9.8650961140,50.7702317565
276,6.7160220463,9.8936136006,50.7902317565
277,6.6739450407,9.9220238459,50.7702317565
278,6.6318010868,9.9503346844,50.7702317565
279,6.5895320508,9.9784584294,50.7702317565
280,6.5470805427,10.0063059768,50.7702317565
281,6.5045614174,10.0340867547,50.7902317565
282,6.4619598463,10.0617041872,50.7702317565
283,6.4191945486,10.0890302798,50.7502317565
284,6.3763364952,10.1162106638,50.7502317565
285,6.3333609506,10.1432424785,50.7702317565
286,6.2902874741,10.1701179701,50.7702317565
287,6.2471272832,10.1968539824,50.7702317565
288,6.2038739903,10.2234391115,50.7702317565
289,6.1604389716,10.2497262868,50.7702317565
290,6.1168927587,10.2758288494,50.7702317565
291,6.0731905558,10.3016693969,50.7702317565
292,6.0293673710,10.3273438221,50.7902317565
293,5.9854165979,10.3527592895,50.7702317565
294,5.9413969810,10.3780553317,50.7702317565
295,5.8972728373,10.4031686027,50.7702317565
296,5.8530250480,10.4280225594,50.7502317565
297,5.8086654977,10.4526764905,50.7502317565
298,5.7641573951,10.4771028131,50.7702317565
299,5.7195252581,10.5013017549,50.7702317565
300,5.6748135104,10.5253110373,50.7502317565
301,5.6300680732,10.5491725849,50.7102317565
302,5.5852220374,10.5728016489,50.6902317565
303,5.5403078843,10.5963009776,50.6902317565
304,5.4953583476,10.6197757887,50.7102317565
305,5.4502514574,10.6430342169,50.7502317565
306,5.4050062924,10.6660666175,50.7702317565
307,5.3597469759,10.6890711974,50.7702317565
308,5.3143434599,10.7117898498,50.7702317565
309,5.2688597027,10.7343474264,50.7702317565
310,5.2232768275,10.7567040345,50.7702317565
311,5.1776278909,10.7789254436,50.7702317565
312,5.1318868952,10.8009567336,50.7702317565
313,5.0860626386,10.8227678210,50.7502317565
314,5.0401608933,10.8444153567,50.7502317565
315,4.9941539777,10.8658858049,50.7702317565
316,4.9480507937,10.8871487507,50.7702317565
317,4.9018773469,10.9082586829,50.7702317565
318,4.8556270246,10.9291511149,50.7502317565
319,4.8092622292,10.9497882602,50.7502317565
320,4.7627446958,10.9701287500,50.7702317565
321,4.7161741420,10.9903475519,50.7702317565
322,4.6694894754,11.0103014571,50.7702317565
323,4.6226628157,11.0299198253,50.7702317565
324,4.5758012001,11.0494545488,50.7702317565
325,4.5288290590,11.0687219927,50.7702317565
326,4.4818002901,11.0878508014,50.7702317565
327,4.4346977843,11.1067436566,50.7502317565
328,4.3874716695,11.1253253708,50.7502317565
329,4.3401994697,11.1438444301,50.7702317565
330,4.2928357400,11.1621281263,50.7702317565
331,4.2453890532,11.1801954541,50.7702317565
332,4.1978558860,11.1980340204,50.7702317565
333,4.1502212911,11.2155420585,50.7502317565
334,4.1025469058,11.2328244364,50.7102317565
335,4.0548851178,11.2499650298,50.6502317565
336,4.0071783850,11.2668606863,50.6102317565
337,3.9594297074,11.2835770058,50.5902317565
338,3.9116298422,11.3001463882,50.5902317565
339,3.8637605903,11.3165759434,50.6102317565
340,3.8158510788,11.3330114136,50.6502317565
341,3.7678018904,11.3492226165,50.7102317565
342,3.7196184532,11.3652217671,50.7702317565
343,3.6713558423,11.3809804731,50.7702317565
344,3.6229812501,11.3963920033,50.7702317565
345,3.5745277869,11.4115537427,50.7702317565
346,3.5260601126,11.4266026817,50.7502317565
347,3.4775453471,11.4414991092,50.7502317565
348,3.4289885134,11.4561889125,50.7302317565
349,3.3804036348,11.4707856923,50.7302317565
350,3.3317730768,11.4851591550,50.7102317565
351,3.2830834210,11.4993311352,50.7102317565
352,3.2343137532,11.5132980932,50.7302317565
353,3.1854540776,11.5270947790,50.7702317565
354,3.1365246658,11.5406420699,50.7702317565
355,3.0875503592,11.5540261548,50.7702317565
356,3.0385048736,11.5671470073,50.7702317565
357,2.9893834088,11.5799804842,50.7702317565
358,2.9402110800,11.5926176719,50.7702317565
359,2.8909863518,11.6050491869,50.7702317565
360,2.8416794496,11.6171506676,50.7702317565
361,2.7922803558,11.6289564784,50.7902317565
362,2.7428393844,11.6404980026,50.7702317565
363,2.6933635574,11.6518891825,50.7702317565
364,2.6438300248,11.6630267576,50.7702317565
365,2.5942659811,11.6740277578,50.7702317565
366,2.5446332073,11.6848090103,50.7902317565
367,2.4950221850,11.6955961738,50.7702317565
368,2.4453585762,11.7061385830,50.7702317565
369,2.3956795592,11.7165107235,50.7502317565
370,2.3460058768,11.7267113548,50.7102317565
371,2.2962853639,11.7365789882,50.6902317565
372,2.2465478093,11.7463603613,50.6902317565
373,2.1967646999,11.7560128025,50.7102317565
374,2.1469145726,11.7655286230,50.7502317565
375,2.0969805476,11.7747052006,50.7702317565
376,2.0470024574,11.7836386734,50.7702317565
377,1.9969605863,11.7922076618,50.7702317565
378,1.9468819784,11.8005592765,50.7702317565
379,1.8967891292,11.8088250426,50.7702317565
380,1.8466561689,11.8168439406,50.7702317565
381,1.7964840825,11.8246142799,50.7702317565
382,1.7462361388,11.8320164283,50.7902317565
383,1.6959913654,11.8393019741,50.7702317565
384,1.6457075823,11.8463132217,50.7702317565
385,1.5953889467,11.8530697997,50.7702317565
386,1.5450385519,11.8595854863,50.7702317565
387,1.4946622255,11.8658975514,50.7702317565
388,1.4442832056,11.8721880836,50.7702317565
389,1.3938763949,11.8782518997,50.7702317565
390,1.3434440011,11.8840991287,50.7702317565
391,1.2929768733,11.8896385727,50.7702317565
392,1.2424905270,11.8950000344,50.7702317565
393,1.1919765891,11.9000949846,50.7702317565
394,1.1414515765,11.9050789118,50.7702317565
395,1.0909074392,11.9098649977,50.7702317565
396,1.0403324239,11.9143129471,50.7702317565
397,0.9897241387,11.9183648480,50.7702317565
398,0.9390807090,11.9222236915,50.7902317565
399,0.8884381573,11.9258220793,50.7702317565
400,0.8377825124,11.9292311946,50.7702317565
401,0.7871395978,11.9325298650,50.7502317565
402,0.7364879347,11.9356913593,50.7502317565
403,0.6858011588,11.9386012022,50.7702317565
404,0.6351015836,11.9412787947,50.7702317565
405,0.5843959379,11.9438388593,50.7702317565
406,0.5336801147,11.9461886912,50.7702317565
407,0.4829606491,11.9484585453,50.7702317565
408,0.4322329259,11.9505356922,50.7702317565
409,0.3814948361,11.9523419780,50.7702317565
410,0.3307519061,11.9540067568,50.7702317565
411,0.2800026080,11.9554645558,50.7702317565
412,0.2292461394,11.9566466435,50.7702317565
413,0.1784877713,11.9577441371,50.7702317565
414,0.1277045036,11.9585851880,50.7902317565
415,0.0769367318,11.9590849669,50.7702317565
416,0.0261671686,11.9593455177,50.7702317565
417,-0.0246029433,11.9594558441,50.7702317565
418,-0.0753731711,11.9594357856,50.7702317565
419,-0.1261628003,11.9591883786,50.7902317565
420,-0.1769295069,11.9585901094,50.7702317565
421,-0.2276911183,11.9576545659,50.7702317565
422,-0.2784497223,11.9565680316,50.7702317565
423,-0.3292049657,11.9553344607,50.7702317565
424,-0.3799317615,11.9537923165,50.7502317565
425,-0.4306514184,11.9520309449,50.7502317565
426,-0.4813479276,11.9501815212,50.7302317565
427,-0.5320360005,11.9481137482,50.7302317565
428,-0.5827359821,11.9458558988,50.7502317565
429,-0.6334457099,11.9433780090,50.7702317565
430,-0.6841784396,11.9405726934,50.8102317565
431,-0.7348571130,11.9375249916,50.7702317565
432,-0.7855246091,11.9342967913,50.7702317565
433,-0.8361772796,11.9308437632,50.7702317565
434,-0.8868145719,11.9271721065,50.7702317565
435,-0.9374482917,11.9231878805,50.7902317565
436,-0.9880376446,11.9189060813,50.7702317565
437,-1.0386179489,11.9145186845,50.7702317565
438,-1.0891805244,11.9099314859,50.7702317565
439,-1.1397271624,11.9051718829,50.7702317565
440,-1.1902356237,11.9002240187,50.7502317565
441,-1.2407127772,11.8949663581,50.7502317565
442,-1.2911827947,11.8894533034,50.7702317565
443,-1.3416406326,11.8838298684,50.7702317565
444,-1.3920771887,11.8780186511,50.7702317565
445,-1.4424893300,11.8719993121,50.7702317565
446,-1.4928726048,11.8657429510,50.7702317565
447,-1.5432243890,11.8592380102,50.7702317565
448,-1.5935333632,11.8525602005,50.7502317565
449,-1.6438032641,11.8455943490,50.7502317565
450,-1.6940455242,11.8385749681,50.7302317565
451,-1.7442599039,11.8313588407,50.7302317565
452,-1.7944220529,11.8239233576,50.7102317565
453,-1.8445797971,11.8164582184,50.7102317565
454,-1.8947252562,11.8087777662,50.7302317565
455,-1.9448672829,11.8008157568,50.7702317565
456,-1.9950460313,11.7927036879,50.8302317565
457,-2.0451362641,11.7844220809,50.7702317565
458,-2.0951773267,11.7758483720,50.7702317565
459,-2.1451836611,11.7670743792,50.7702317565
460,-2.1951287499,11.7579582097,50.7702317565
461,-2.2450372910,11.7486440295,50.7702317565
462,-2.2949231003,11.7392088581,50.7702317565
463,-2.3447646639,11.7295426811,50.7702317565
464,-2.3945587184,11.7196346758,50.7702317565
465,-2.4443126969,11.7095273494,50.7702317565
466,-2.4940224694,11.6992048032,50.7702317565
467,-2.5437083714,11.6886711056,50.7902317565
468,-2.5933150001,11.6778637553,50.7702317565
469,-2.6428367824,11.6667651476,50.7502317565
470,-2.6922843303,11.6553403485,50.7502317565
471,-2.7417060604,11.6437167078,50.7702317565
472,-2.7911072485,11.6318338518,50.8102317565
473,-2.8404697979,11.6199613982,50.7702317565
474,-2.8897500954,11.6077520287,50.7702317565
475,-2.9389931779,11.5953934179,50.7702317565
476,-2.9881659454,11.5827579373,50.7702317565
477,-3.0372621571,11.5698281875,50.7702317565
478,-3.0862906621,11.5566440254,50.7702317565
479,-3.1352820763,11.5433226979,50.7702317565
480,-3.1842449503,11.5298968496,50.7702317565
481,-3.2331298218,11.5161897067,50.7702317565
482,-3.2819418281,11.5022981959,50.7502317565
483,-3.3306572433,11.4882150171,50.7102317565
484,-3.3793141918,11.4740023131,50.6902317565
485,-3.4279242798,11.4596301544,50.6902317565
486,-3.4765124687,11.4451141114,50.7102317565
487,-3.5250222554,11.4302014786,50.7502317565
488,-3.5735176046,11.4150396595,50.8102317565
489,-3.6219381766,11.3997732048,50.7702317565
490,-3.6703055228,11.3843389492,50.7702317565
491,-3.7185833360,11.3686268778,50.7702317565
492,-3.7668051301,11.3527437105,50.7702317565
493,-3.8149111661,11.3365133151,50.7702317565
494,-3.8629399103,11.3200556067,50.7702317565
495,-3.9109227319,11.3034644867,50.7702317565
496,-3.9588196278,11.2866873181,50.7502317565
497,-4.0066520419,11.2697271828,50.7502317565
498,-4.0544330390,11.2525634785,50.7702317565
499,-4.1021327160,11.2350586088,50.8102317565
500,-4.1497198728,11.2173645720,50.7702317565
501,-4.1972569526,11.1995364346,50.7702317565
502,-4.2446943292,11.1814446759,50.7702317565
503,-4.2921011630,11.1632730349,50.7702317565
504,-4.3394132254,11.1448009912,50.7902317565
505,-4.3866601319,11.1262174970,50.7702317565
506,-4.4338421855,11.1075241870,50.7502317565
507,-4.4809258759,11.0885844900,50.7502317565
508,-4.5279373833,11.0694132978,50.7702317565
509,-4.5748696191,11.0500488543,50.7702317565
510,-4.6216711915,11.0303707128,50.7702317565
511,-4.6683550375,11.0104148876,50.7702317565
512,-4.7149540962,10.9902618690,50.7702317565
513,-4.7615067759,10.9700019468,50.7702317565
514,-4.8079898484,10.9495828283,50.7702317565
515,-4.8544159128,10.9290344226,50.7702317565
516,-4.9007571624,10.9082954492,50.7702317565
517,-4.9470508353,10.8874504909,50.7702317565
518,-4.9932327538,10.8663590986,50.7702317565
519,-5.0393030325,10.8450725900,50.7502317565
520,-5.0853023586,10.8236331865,50.7502317565
521,-5.1311790469,10.8018858672,50.7702317565
522,-5.1769591916,10.7799360428,50.7702317565
523,-5.2226130336,10.7577247137,50.7702317565
524,-5.2681734275,10.7353223268,50.7702317565
525,-5.3136301897,10.7127553421,50.7502317565
526,-5.3589650700,10.6899444971,50.7502317565
527,-5.4041613057,10.6669041696,50.7302317565
528,-5.4492465649,10.6436474325,50.7302317565
529,-5.4943126811,10.6203100979,50.7502317565
530,-5.5393646898,10.5969021302,50.7702317565
531,-5.5843678577,10.5734004003,50.7702317565
532,-5.6292830730,10.5497310135,50.7702317565
533,-5.6740719727,10.5258234646,50.7702317565
534,-5.7187269978,10.5016667850,50.7702317565
535,-5.7633334729,10.4774205727,50.7702317565
536,-5.8078639243,10.4529934047,50.7902317565
537,-5.8522545546,10.4283542413,50.7702317565
538,-5.8965076785,10.4034689554,50.7702317565
539,-5.9406013724,10.3783022592,50.7702317565
540,-5.9845891499,10.3529909683,50.7502317565
541,-6.0284294062,10.3274250153,50.7502317565
542,-6.0721654513,10.3016417884,50.7702317565
543,-6.1157705062,10.2756376420,50.7702317565
544,-6.1592577308,10.2494369220,50.7702317565
545,-6.2027148792,10.2231863471,50.7702317565
546,-6.2459937607,10.1966428950,50.7702317565
547,-6.2891292376,10.1698670279,50.7702317565
548,-6.3321607803,10.1429621517,50.7502317565
549,-6.3750618853,10.1158497706,50.7502317565
550,-6.4179560618,10.0886890258,50.7702317565
551,-6.4607346100,10.0613465270,50.7702317565
552,-6.5033752456,10.0337526175,50.7902317565
553,-6.5458882246,10.0059990043,50.7702317565
554,-6.5883376457,9.9781482756,50.7702317565
555,-6.6306863344,9.9501446152,50.7702317565
556,-6.6728399089,9.9218481033,50.7702317565
557,-6.7148759340,9.8933416087,50.7902317565
558,-6.7567705483,9.8646630850,50.7702317565
559,-6.7985511251,9.8358538950,50.7502317565
560,-6.8402189542,9.8068818732,50.7502317565
561,-6.8817575500,9.7776900680,50.7702317565
562,-6.9232163581,9.7483850571,50.7702317565
563,-6.9645651635,9.7189250381,50.7702317565
564,-7.0057800663,9.6892779771,50.7702317565
565,-7.0468391993,9.6594495743,50.7502317565
566,-7.0877457735,9.6294122939,50.7502317565
567,-7.1284996873,9.5991346629,50.7702317565
568,-7.1691743642,9.5687506688,50.7702317565
569,-7.2097877447,9.5382847903,50.7702317565
570,-7.2503471971,9.5077471536,50.7702317565
571,-7.2907094950,9.4769494046,50.7702317565
572,-7.3309062957,9.4459359617,50.7702317565
573,-7.3709966310,9.4147524297,50.7902317565
574,-7.4109038086,9.3833671847,50.7702317565
575,-7.4507424852,9.3518950339,50.7702317565
576,-7.4904214423,9.3202538204,50.7502317565
577,-7.5299735126,9.2884541387,50.7502317565
578,-7.5693684881,9.2564283313,50.7702317565
579,-7.6086911748,9.2243138059,50.7702317565
580,-7.6479239866,9.1920895463,50.7702317565
581,-7.6869851467,9.1596574294,50.7702317565
582,-7.7259100149,9.1270930215,50.7502317565
583,-7.7646697162,9.0943321977,50.7502317565
584,-7.8034016514,9.0615076089,50.7702317565
585,-7.8420162359,9.0285450499,50.7702317565
586,-7.8804303981,8.9953491379,50.7702317565
587,-7.9186443729,8.9619229720,50.7702317565
588,-7.9566393106,8.9282480386,50.7702317565
589,-7.9944576643,8.8943449448,50.7902317565
590,-8.0321314010,8.8603110501,50.7702317565
591,-8.0696495063,8.8261056673,50.7702317565
592,-8.1070346136,8.7917549732,50.7702317565
593,-8.1442963913,8.7572705368,50.7702317565
594,-8.1813872079,8.7225730014,50.7902317565
595,-8.2183013159,8.6877166524,50.7702317565
596,-8.2549941832,8.6526564255,50.7502317565
597,-8.2915327993,8.6174354721,50.7502317565
598,-8.3279243019,8.5820338482,50.7702317565
599,-8.3642269388,8.5465411027,50.7702317565
600,-8.4003332346,8.5108770952,50.7502317565
601,-8.4362489414,8.4750211609,50.7502317565
602,-8.4720968762,8.4390692207,50.7702317565
603,-8.5077967728,8.4029702760,50.7702317565
604,-8.5433764561,8.3667528413,50.7702317565
605,-8.5787767274,8.3303879295,50.7502317565
606,-8.6139739910,8.2938264927,50.7502317565
607,-8.6490359735,8.2571076445,50.7702317565
608,-8.6839720554,8.2202689879,50.7702317565
609,-8.7187607049,8.1832910716,50.7702317565
610,-8.7534899615,8.1462299548,50.7902317565
611,-8.7880367266,8.1090259570,50.7702317565
612,-8.8223780014,8.0716593560,50.7502317565
613,-8.8566237241,8.0342051640,50.7502317565
614,-8.8907023434,7.9965718790,50.7702317565
615,-8.9246649848,7.9588338951,50.7702317565
616,-8.9584870056,7.9209698312,50.7702317565
617,-8.9921536226,7.8829675242,50.7702317565
618,-9.0255893732,7.8447619354,50.7702317565
619,-9.0588669620,7.8064449927,50.7502317565
620,-9.0919360383,7.7680006980,50.7102317565
621,-9.1248965221,7.7294895813,50.6902317565
622,-9.1575968917,7.6908097182,50.6502317565
623,-9.1901159295,7.6520033715,50.6302317565
624,-9.2224469341,7.6130402285,50.6302317565
625,-9.2544840452,7.5738092524,50.6502317565
626,-9.2863860243,7.5344168251,50.6902317565
627,-9.3181350683,7.4948240957,50.7502317565
628,-9.3497121228,7.4550685166,50.7702317565
629,-9.3811103540,7.4151715555,50.7702317565
630,-9.4123067854,7.3751166045,50.7702317565
631,-9.4432565192,7.3348959630,50.7502317565
632,-9.4741229317,7.2946113430,50.7502317565
633,-9.5049849703,7.2542981814,50.7702317565
634,-9.5356169091,7.2138099021,50.7702317565
635,-9.5660573445,7.1731774480,50.7702317565
636,-9.5963490899,7.1324589487,50.7502317565
637,-9.6265539657,7.0916759682,50.7502317565
638,-9.6565901653,7.0507437908,50.7702317565
639,-9.6864773735,7.0097026990,50.7702317565
640,-9.7161371981,6.9684969804,50.7702317565
641,-9.7456664611,6.9271975972,50.7702317565
642,-9.7749513901,6.8857001205,50.7902317565
643,-9.8040157890,6.8440722794,50.7702317565
644,-9.8328972206,6.8023172876,50.7702317565
645,-9.8615600157,6.7604119107,50.7702317565
646,-9.8902036850,6.7184934585,50.7702317565
647,-9.9185885622,6.6764234600,50.7502317565
648,-9.9467680911,6.6342156388,50.7502317565
649,-9.9747612119,6.5918599825,50.7702317565
650,-10.0026641962,6.5494448920,50.7702317565
651,-10.0303589727,6.5068935608,50.7702317565
652,-10.0580544727,6.4643427005,50.7702317565
653,-10.0855733720,6.4216774147,50.7702317565
654,-10.1128576144,6.3788616868,50.7702317565
655,-10.1398870348,6.3358846364,50.7702317565
656,-10.1666922718,6.2927674043,50.7702317565
657,-10.1932654512,6.2495067690,50.7702317565
658,-10.2196966323,6.2061358074,50.7902317565
659,-10.2458913916,6.1626449921,50.7702317565
660,-10.2719699101,6.1190843756,50.7702317565
661,-10.2979339796,6.0754554457,50.7702317565
662,-10.3236911419,6.0317040455,50.7702317565
663,-10.3492919105,5.9878377909,50.7902317565
664,-10.3747259943,5.9438977885,50.7702317565
665,-10.3998748823,5.8997939353,50.7702317565
666,-10.4248246371,5.8555771266,50.7702317565
667,-10.4495468554,5.8112326979,50.7702317565
668,-10.4741090663,5.7667994421,50.7702317565
669,-10.4984191911,5.7222277665,50.7702317565
670,-10.5225697773,5.6775694457,50.7702317565
671,-10.5465737950,5.6328321730,50.7702317565
672,-10.5703438953,5.5879701761,50.7702317565
673,-10.5938858363,5.5429880302,50.7702317565
674,-10.6173279002,5.4979312074,50.7902317565
675,-10.6405665263,5.4527916163,50.7702317565
676,-10.6635645705,5.4075289783,50.7702317565
677,-10.6862747419,5.3621212196,50.7702317565
678,-10.7087097950,5.3165991984,50.7502317565
679,-10.7310784805,5.2710445287,50.7502317565
680,-10.7533982585,5.2254436083,50.7702317565
681,-10.7755320233,5.1797521114,50.7702317565
682,-10.7973989330,5.1339323046,50.7702317565
683,-10.8189935921,5.0879835600,50.7702317565
684,-10.8403952020,5.0419445817,50.7702317565
685,-10.8617347289,4.9958767944,50.7702317565
686,-10.8828933726,4.9497256489,50.7702317565
687,-10.9038274016,4.9034941396,50.7502317565
688,-10.9246060622,4.8571925923,50.7502317565
689,-10.9452200643,4.8107956166,50.7702317565
690,-10.9655223678,4.7642614044,50.7702317565
691,-10.9856253471,4.7176407367,50.7702317565
692,-11.0054441028,4.6708985357,50.7702317565
693,-11.0250939520,4.6240850776,50.7702317565
694,-11.0446506264,4.5772326186,50.7702317565
695,-11.0640124436,4.5302776649,50.7902317565
696,-11.0831207740,4.4832405716,50.7702317565
697,-11.1020815412,4.4361438017,50.7702317565
698,-11.1209478573,4.3890091164,50.7702317565
699,-11.1396780965,4.3418201922,50.7702317565
700,-11.1580084223,4.2944744892,50.7702317565
701,-11.1761242784,4.2470463099,50.7702317565
702,-11.1941472825,4.1995827686,50.7702317565
703,-11.2120121084,4.1520594646,50.7702317565
704,-11.2297457946,4.1044870691,50.7702317565
705,-11.2472336401,4.0568237531,50.7702317565
706,-11.2644733866,4.0090701399,50.7702317565
707,-11.2815494413,3.9612577484,50.7702317565
708,-11.2983363659,3.9133430784,50.7702317565
709,-11.3147951917,3.8653147172,50.7702317565
710,-11.3310253831,3.8172086124,50.7702317565
711,-11.3470713634,3.7690196701,50.7902317565
712,-11.3628670847,3.7207691610,50.7702317565
713,-11.3784757509,3.6724578169,50.7702317565
714,-11.3938850279,3.6240825070,50.7702317565
715,-11.4091303126,3.5756552654,50.7702317565
716,-11.4240935051,3.5271191910,50.7902317565
717,-11.4388320559,3.4785353300,50.7702317565
718,-11.4534871556,3.4299262312,50.7702317565
719,-11.4679439214,3.3812577778,50.7702317565
720,-11.4822038661,3.3325312921,50.7702317565
721,-11.4961940913,3.2837266813,50.7702317565
722,-11.5099342248,3.2348718479,50.7502317565
723,-11.5235696677,3.1859876917,50.7502317565
724,-11.5370300818,3.1370343090,50.7702317565
725,-11.5503749772,3.0880493092,50.7702317565
726,-11.5635373231,3.0390149429,50.7702317565
727,-11.5765429975,2.9899180990,50.7902317565
728,-11.5892837797,2.9407725102,50.7702317565
729,-11.6017877374,2.8915661338,50.7702317565
730,-11.6139944985,2.8422851901,50.7702317565
731,-11.6259760317,2.7929490036,50.7702317565
732,-11.6378333429,2.7435622462,50.7902317565
733,-11.6494329780,2.6941348762,50.7702317565
734,-11.6608041793,2.6446544537,50.7702317565
735,-11.6719308645,2.5951389723,50.7502317565
736,-11.6828014361,2.5455666343,50.7502317565
737,-11.6934673349,2.4959293999,50.7702317565
738,-11.7039147821,2.4462457277,50.7702317565
739,-11.7141087507,2.3965094288,50.7702317565
740,-11.7242042903,2.3467530572,50.7702317565
741,-11.7340582026,2.2969482698,50.7702317565
742,-11.7437241955,2.2471066706,50.7702317565
743,-11.7531113348,2.1971914499,50.7902317565
744,-11.7623519685,2.1472692392,50.7702317565
745,-11.7715045620,2.0973308124,50.7702317565
746,-11.7803606221,2.0473389468,50.7702317565
747,-11.7890803839,1.9973231274,50.7702317565
748,-11.7975780466,1.9472488089,50.7902317565
749,-11.8059082538,1.8971666357,50.7702317565
750,-11.8140271364,1.8470497705,50.7702317565
751,-11.8217862500,1.7968759467,50.7702317565
752,-11.8292039177,1.7466505086,50.7702317565
753,-11.8364484766,1.6963998091,50.7702317565
754,-11.8435573673,1.6461297374,50.7702317565
755,-11.8504002656,1.5958227679,50.7702317565
756,-11.8569670275,1.5454790089,50.7702317565
757,-11.8632708654,1.4951016523,50.7702317565
758,-11.8693359866,1.4446949986,50.7702317565
759,-11.8751964592,1.3942842767,50.7502317565
760,-11.8807624640,1.3438401927,50.7502317565
761,-11.8861951987,1.2933614662,50.7702317565
762,-11.8914196145,1.2428607542,50.7702317565
763,-11.8964625782,1.1923415999,50.7702317565
764,-11.9013771224,1.1417896969,50.7902317565
765,-11.9060343848,1.0912335268,50.7702317565
766,-11.9105453962,1.0406640972,50.7702317565
767,-11.9149209072,0.9900827633,50.7702317565
768,-11.9191498420,0.9394889639,50.7702317565
769,-11.9231817431,0.8888590180,50.7902317565
770,-11.9270134977,0.8382335887,50.7702317565
771,-11.9305215363,0.7875846984,50.7702317565
772,-11.9339036729,0.7369272450,50.7702317565
773,-11.9371731201,0.6862623938,50.7702317565
774,-11.9401337848,0.6355785611,50.7702317565
775,-11.9429052727,0.5848840319,50.7702317565
776,-11.9453107890,0.5341708194,50.7702317565
777,-11.9475310960,0.4834691798,50.7502317565
778,-11.9494365403,0.4327547311,50.7502317565
779,-11.9510642054,0.3820105970,50.7702317565
780,-11.9524372585,0.3312189208,50.8102317565
781,-11.9535445426,0.2804607652,50.7702317565
782,-11.9545823722,0.2297011421,50.7702317565
783,-11.9552879382,0.1789358133,50.7702317565
784,-11.9558835755,0.1281690757,50.7702317565
785,-11.9562460875,0.0773801376,50.7902317565
786,-11.9564209704,0.0266102071,50.7702317565
787,-11.9563192747,-0.0241599228,50.7702317565
788,-11.9560196151,-0.0749292703,50.7702317565
789,-11.9554146801,-0.1256758965,50.7502317565
790,-11.9546026305,-0.1764196311,50.7502317565
791,-11.9536989032,-0.2271818189,50.7702317565
792,-11.9526541888,-0.2779413008,50.7702317565
793,-11.9514882969,-0.3286981440,50.7702317565
794,-11.9500084663,-0.3794468044,50.7702317565
795,-11.9482730506,-0.4301873677,50.7702317565
796,-11.9463580179,-0.4809414837,50.7902317565
797,-11.9442669355,-0.5316686343,50.7702317565
798,-11.9417742012,-0.5823776346,50.7702317565
799,-11.9391284959,-0.6330788838,50.7702317565
800,-11.9363235897,-0.6837715750,50.7702317565
801,-11.9332986609,-0.7344716484,50.7902317565
802,-11.9301202427,-0.7851422917,50.7702317565
803,-11.9268686882,-0.8358082943,50.7702317565
804,-11.9232971287,-0.8864527451,50.7702317565
805,-11.9194926064,-0.9370802282,50.7702317565
806,-11.9155583622,-0.9876977959,50.7702317565
807,-11.9114561655,-1.0383020290,50.7702317565
808,-11.9070453800,-1.0888802991,50.7702317565
809,-11.9024082075,-1.1394383159,50.7702317565
810,-11.8975686900,-1.1899773652,50.7702317565
811,-11.8926286204,-1.2405066849,50.7702317565
812,-11.8874188770,-1.2910089126,50.7702317565
813,-11.8820391746,-1.3414933185,50.7702317565
814,-11.8765206614,-1.3919627393,50.7702317565
815,-11.8706672482,-1.4423944158,50.7702317565
816,-11.8645185716,-1.4927909455,50.7702317565
817,-11.8581055202,-1.5431746771,50.7902317565
818,-11.8515840032,-1.5935243171,50.7702317565
819,-11.8447751796,-1.6438359098,50.7702317565
820,-11.8376896052,-1.6941092732,50.7702317565
821,-11.8303432443,-1.7443451907,50.7702317565
822,-11.8227542708,-1.7945652577,50.7902317565
823,-11.8149907522,-1.8447384000,50.7702317565
824,-11.8069744542,-1.8948717761,50.7702317565
825,-11.7987376921,-1.9449491340,50.7502317565
826,-11.7903997108,-1.9950097382,50.7502317565
827,-11.7819459445,-2.0450306363,50.7302317565
828,-11.7733386365,-2.0950253427,50.7302317565
829,-11.7643710143,-2.1449769970,50.7502317565
830,-11.7552716387,-2.1949251481,50.7702317565
831,-11.7459739197,-2.2448367585,50.7702317565
832,-11.7365512895,-2.2947249382,50.7702317565
833,-11.7269233211,-2.3445942661,50.7902317565
834,-11.7171364306,-2.3944122670,50.7702317565
835,-11.7070859169,-2.4441777531,50.7702317565
836,-11.6967344917,-2.4938815198,50.7702317565
837,-11.6861387599,-2.5435337796,50.7702317565
838,-11.6753174200,-2.5931578286,50.7902317565
839,-11.6642908826,-2.6427161973,50.7702317565
840,-11.6530924352,-2.6922360036,50.7702317565
841,-11.6417747219,-2.7417286878,50.7702317565
842,-11.6301216387,-2.7911434840,50.7702317565
843,-11.6182082535,-2.8404961708,50.7702317565
844,-11.6060191058,-2.8897814739,50.7702317565
845,-11.5935703289,-2.9390018395,50.7702317565
846,-11.5808475928,-2.9881521032,50.7702317565
847,-11.5678814447,-3.0372387148,50.7702317565
848,-11.5547019568,-3.0862684764,50.7702317565
849,-11.5412827301,-3.1352539028,50.7902317565
850,-11.5277709237,-3.1841931256,50.7702317565
851,-11.5140914629,-3.2330857506,50.7702317565
852,-11.5002461202,-3.2819316605,50.7702317565
853,-11.4862005138,-3.3307203618,50.7702317565
854,-11.4719451633,-3.3794690297,50.7902317565
855,-11.4575009291,-3.4281412039,50.7702317565
856,-11.4428885130,-3.4767631508,50.7702317565
857,-11.4280325457,-3.5253112370,50.7702317565
858,-11.4129611810,-3.5737928871,50.7702317565
859,-11.3976446970,-3.6221976570,50.7702317565
860,-11.3821285469,-3.6705387939,50.7702317565
861,-11.3664986004,-3.7188432575,50.7702317565
862,-11.3505894507,-3.7670564859,50.7702317565
863,-11.3344182750,-3.8151824613,50.7702317565
864,-11.3180546160,-3.8632433300,50.7702317565
865,-11.3015683430,-3.9112834220,50.7902317565
866,-11.2849706634,-3.9592639750,50.7702317565
867,-11.2681124151,-4.0071535970,50.7702317565
868,-11.2509713404,-4.0549427170,50.7702317565
869,-11.2337904645,-4.1027175424,50.7702317565
870,-11.2163399816,-4.1504158472,50.7902317565
871,-11.1987783885,-4.1980520402,50.7702317565
872,-11.1809944063,-4.2456056564,50.7702317565
873,-11.1628881402,-4.2930374976,50.7702317565
874,-11.1446403367,-4.3403936344,50.7502317565
875,-11.1261670959,-4.3876622857,50.7502317565
876,-11.1074639005,-4.4348619352,50.7702317565
877,-11.0884419623,-4.4819340320,50.7702317565
878,-11.0693316087,-4.5289703033,50.7702317565
879,-11.0500148953,-4.5759222044,50.7702317565
880,-11.0305603948,-4.6228171811,50.7702317565
881,-11.0109096990,-4.6696302839,50.7702317565
882,-10.9909759354,-4.7163018072,50.7502317565
883,-10.9707945711,-4.7628668001,50.7502317565
884,-10.9504956468,-4.8094024864,50.7702317565
885,-10.9300627750,-4.8558795150,50.7702317565
886,-10.9093765699,-4.9022224426,50.7502317565
887,-10.8884289951,-4.9484478159,50.7502317565
888,-10.8672932142,-4.9946094363,50.7702317565
889,-10.8460257437,-5.0407105331,50.7702317565
890,-10.8245157709,-5.0866989828,50.7702317565
891,-10.8028278310,-5.1326258911,50.7902317565
892,-10.7809707769,-5.1784504000,50.7702317565
893,-10.7589249190,-5.2241843763,50.7702317565
894,-10.7366795706,-5.2698216517,50.7702317565
895,-10.7142154934,-5.3153516601,50.7702317565
896,-10.6915126163,-5.3607630662,50.7702317565
897,-10.6687158833,-5.4061050444,50.7502317565
898,-10.6457109436,-5.4513417416,50.7502317565
899,-10.6224446680,-5.4964670876,50.7702317565
900,-10.5991067704,-5.5415554339,50.7702317565
901,-10.5755726092,-5.5865416505,50.7702317565
902,-10.5517832093,-5.6313707758,50.7502317565
903,-10.5278765403,-5.6761374733,50.7502317565
904,-10.5037976727,-5.7208345041,50.7702317565
905,-10.4795160426,-5.7654217094,50.7702317565
906,-10.4550513832,-5.8099087510,50.7702317565
907,-10.4303722791,-5.8543000730,50.7902317565
908,-10.4056713641,-5.8986563716,50.7702317565
909,-10.3807815401,-5.9429069433,50.7702317565
910,-10.3558218096,-5.9870951530,50.7502317565
911,-10.3306226915,-6.0311472865,50.7502317565
912,-10.3051803801,-6.0750825255,50.7702317565
913,-10.2795704309,-6.1189202597,50.7702317565
914,-10.2536836211,-6.1625950752,50.7702317565
915,-10.2277782960,-6.2062356544,50.7502317565
916,-10.2016253876,-6.2497283136,50.7502317565
917,-10.1752747048,-6.2931248336,50.7702317565
918,-10.1487345487,-6.3364526511,50.8102317565
919,-10.1220422998,-6.3796399210,50.7702317565
920,-10.0951146215,-6.4226807919,50.7702317565
921,-10.0679249309,-6.4655566261,50.7702317565
922,-10.0405016687,-6.5082834459,50.7702317565
923,-10.0129521010,-6.5509527435,50.7902317565
924,-9.9851329901,-6.5934228919,50.7702317565
925,-9.9571113305,-6.6357596729,50.7702317565
926,-9.9288882215,-6.6779624281,50.7702317565
927,-9.9004776332,-6.7200392021,50.7702317565
928,-9.8719303202,-6.7620233342,50.7702317565
929,-9.8431698065,-6.8038617052,50.7702317565
930,-9.8142245488,-6.8455724770,50.7702317565
931,-9.7850928175,-6.8871532258,50.7702317565
932,-9.7558135676,-6.9286302309,50.7702317565
933,-9.7262612667,-6.9699131322,50.7702317565
934,-9.6964905351,-7.0110634807,50.7902317565
935,-9.6666693399,-7.0521525639,50.7702317565
936,-9.6365802716,-7.0930458934,50.7702317565
937,-9.6063421026,-7.1338290955,50.7702317565
938,-9.5758499303,-7.1744227386,50.7702317565
939,-9.5452312321,-7.2149461017,50.7902317565
940,-9.5145204375,-7.2553746007,50.7702317565
941,-9.4836185572,-7.2956572300,50.7702317565
942,-9.4525685367,-7.3358257831,50.7702317565
943,-9.4213904037,-7.3758696347,50.7502317565
944,-9.3900565847,-7.4157917816,50.7502317565
945,-9.3585174415,-7.4555774432,50.7702317565
946,-9.3268421614,-7.4952548053,50.7702317565
947,-9.2949231874,-7.5347363901,50.7702317565
948,-9.2628693952,-7.5741085990,50.7702317565
949,-9.2306353200,-7.6133333467,50.7702317565
950,-9.1982638363,-7.6524447705,50.7702317565
951,-9.1657483230,-7.6914365367,50.7702317565
952,-9.1330779787,-7.7302986653,50.7702317565
953,-9.1003345883,-7.7690992686,50.7702317565
954,-9.0674079635,-7.8077444987,50.7702317565
955,-9.0343176160,-7.8462759994,50.7902317565
956,-9.0010566201,-7.8846338224,50.7702317565
957,-8.9675822821,-7.9228056068,50.7702317565
958,-8.9339834214,-7.9608678321,50.7702317565
959,-8.9002048143,-7.9987706306,50.7702317565
960,-8.8662435887,-8.0365367900,50.7902317565
961,-8.8320825141,-8.0740952433,50.7702317565
962,-8.7978813915,-8.1116172322,50.7702317565
963,-8.7635037772,-8.1489775864,50.7702317565
964,-8.7289594408,-8.1861838393,50.7702317565
965,-8.6942704160,-8.2232552298,50.7702317565
966,-8.6593770987,-8.2601343951,50.7702317565
967,-8.6243325272,-8.2968698608,50.7702317565
968,-8.5890501987,-8.3333770345,50.7702317565
969,-8.5536830099,-8.3698020037,50.7702317565
970,-8.5181935075,-8.4061078112,50.7702317565
971,-8.4825223847,-8.4422632899,50.7902317565
972,-8.4466928921,-8.4782336095,50.7702317565
973,-8.4107275977,-8.5140681464,50.7702317565
974,-8.3745382555,-8.5496764031,50.7702317565
975,-8.3381713450,-8.5851032891,50.7702317565
976,-8.3016417948,-8.6203912418,50.7902317565
977,-8.2649943176,-8.6555278160,50.7702317565
978,-8.2282229058,-8.6905346683,50.7702317565
979,-8.1913744677,-8.7254604330,50.7702317565
980,-8.1544321014,-8.7602868311,50.7702317565
981,-8.1173710093,-8.7949868582,50.7702317565
982,-8.0801092452,-8.8294713094,50.7702317565
983,-8.0426898599,-8.8637846600,50.7702317565
984,-8.0050748524,-8.8978834525,50.7702317565
985,-7.9672117040,-8.9317064982,50.7702317565
986,-7.9291929620,-8.9653545544,50.7702317565
987,-7.8909869475,-8.9988201801,50.7902317565
988,-7.8526139535,-9.0320636722,50.7702317565
989,-7.8141198863,-9.0651668929,50.7702317565
990,-7.7755577829,-9.0981908329,50.7702317565
991,-7.7368966019,-9.1310987274,50.7702317565
992,-7.6980387023,-9.1638051683,50.7902317565
993,-7.6590478045,-9.1963217228,50.7702317565
994,-7.6199047250,-9.2286549219,50.7702317565
995,-7.5805774229,-9.2607637952,50.7702317565
996,-7.5410853611,-9.2926698054,50.7702317565
997,-7.5014741068,-9.3243957341,50.7502317565
998,-7.4617594717,-9.3559921546,50.7502317565
999,-7.4220314500,-9.3875395904,50.7302317565
1000,-7.3821281752,-9.4188650605,50.7302317565
1001,-7.3420994608,-9.4499975135,50.7102317565
1002,-7.3018234314,-9.4808093465,50.7102317565
1003,-7.2614108276,-9.5114087100,50.6902317565
1004,-7.2209165059,-9.5418998482,50.6902317565
1005,-7.1802767454,-9.5722303192,50.7102317565
1006,-7.1394356347,-9.6023565487,50.7502317565
1007,-7.0985296569,-9.6324284195,50.7702317565
1008,-7.0575141142,-9.6624184996,50.8102317565
1009,-7.0164263752,-9.6922415467,50.7702317565
1010,-6.9751908590,-9.7218599301,50.7702317565
1011,-6.9338405522,-9.7512833587,50.7502317565
1012,-6.8924223521,-9.7806111395,50.7502317565
1013,-6.8508667681,-9.8097787563,50.7702317565
1014,-6.8091728895,-9.8387483425,50.7702317565
1015,-6.7673149448,-9.8674803610,50.7702317565
1016,-6.7254073114,-9.8961398568,50.7702317565
1017,-6.6834244433,-9.9246890287,50.7702317565
1018,-6.6412817733,-9.9530017785,50.7702317565
1019,-6.5989919139,-9.9810942015,50.7702317565
1020,-6.5566147799,-10.0090547978,50.7702317565
1021,-6.5140193293,-10.0366816691,50.7702317565
1022,-6.4714444449,-10.0643034945,50.7502317565
1023,-6.4286795684,-10.0916302463,50.7502317565
1024,-6.3857814905,-10.1187848286,50.7702317565
1025,-6.3427262946,-10.1456895967,50.7702317565
1026,-6.2995705755,-10.1724328264,50.7702317565
1027,-6.2562501891,-10.1989084862,50.7702317565
1028,-6.2128111714,-10.2251503947,50.7502317565
1029,-6.1693470114,-10.2513506393,50.7502317565
1030,-6.1257318634,-10.2773378534,50.7702317565
1031,-6.0820312789,-10.3031811378,50.7702317565
1032,-6.0382807006,-10.3289396961,50.7702317565
1033,-5.9944346424,-10.3544956975,50.7502317565
1034,-5.9504691677,-10.3798457086,50.7502317565
1035,-5.9063339574,-10.4049395254,50.7702317565
1036,-5.8621223835,-10.4298985551,50.7702317565
1037,-5.8177910878,-10.4546443154,50.7702317565
1038,-5.7733641943,-10.4792180325,50.7702317565
1039,-5.7288044973,-10.5035501067,50.7702317565
1040,-5.6841409497,-10.5277330585,50.7902317565
1041,-5.6394166385,-10.5517612173,50.7702317565
1042,-5.5946095726,-10.5756347022,50.7702317565
1043,-5.5497088748,-10.5992887370,50.7502317565
1044,-5.5046571864,-10.6226539119,50.7502317565
1045,-5.4594946795,-10.6458479714,50.7702317565
1046,-5.4142469082,-10.6688752515,50.7702317565
1047,-5.3690047131,-10.6919134852,50.7702317565
1048,-5.3236552031,-10.7147397503,50.7702317565
1049,-5.2781757601,-10.7373060238,50.7702317565
1050,-5.2325600630,-10.7595955866,50.7702317565
1051,-5.1868532224,-10.7816976488,50.7702317565
1052,-5.1410822908,-10.8036666782,50.7702317565
1053,-5.0952274956,-10.8254601220,50.7702317565
1054,-5.0492972675,-10.8470941362,50.7702317565
1055,-5.0032241973,-10.8684222547,50.7702317565
1056,-4.9570300218,-10.8895349474,50.7902317565
1057,-4.9107779254,-10.9104719962,50.7702317565
1058,-4.8644169577,-10.9311668532,50.7702317565
1059,-4.8179893413,-10.9517117521,50.7702317565
1060,-4.7714829735,-10.9720777577,50.7702317565
1061,-4.7248326184,-10.9921623788,50.7902317565
1062,-4.6780755895,-11.0119461268,50.7702317565
1063,-4.6312730637,-11.0315703365,50.7502317565
1064,-4.5844715913,-11.0510933943,50.7102317565
1065,-4.5376312218,-11.0704706846,50.6902317565
1066,-4.4907332473,-11.0897081372,50.6902317565
1067,-4.4437128447,-11.1086978541,50.7102317565
1068,-4.3966138491,-11.1275994580,50.7502317565
1069,-4.3493804191,-11.1462171786,50.7702317565
1070,-4.3020686000,-11.1646347846,50.7702317565
1071,-4.2546724932,-11.1828343860,50.7702317565
1072,-4.2071428442,-11.2007391370,50.7902317565
1073,-4.1595798815,-11.2184981071,50.7702317565
1074,-4.1119883204,-11.2361802942,50.7702317565
1075,-4.0643170962,-11.2536465707,50.7702317565
1076,-4.0165410050,-11.2708239261,50.7702317565
1077,-3.9686907237,-11.2878532604,50.7902317565
1078,-3.9208359029,-11.3048100453,50.7702317565
1079,-3.8728967240,-11.3215268501,50.7702317565
1080,-3.8248656842,-11.3379778575,50.7702317565
1081,-3.7767480746,-11.3541739089,50.7702317565
1082,-3.7285396686,-11.3700976654,50.7702317565
1083,-3.6802545200,-11.3857223397,50.7502317565
1084,-3.6318981370,-11.4011251397,50.7502317565
1085,-3.5834556140,-11.4163217973,50.7702317565
1086,-3.5349964490,-11.4314653026,50.7702317565
1087,-3.4864469172,-11.4463165450,50.7702317565
1088,-3.4378287339,-11.4609414787,50.7702317565
1089,-3.3891429686,-11.4753398358,50.7702317565
1090,-3.3404296221,-11.4896446011,50.7702317565
1091,-3.2916447298,-11.5037034313,50.7702317565
1092,-3.2427934812,-11.5175299256,50.7702317565
1093,-3.1938399533,-11.5310650557,50.7902317565
1094,-3.1448612243,-11.5444329480,50.7702317565
1095,-3.0958339763,-11.5576217838,50.7702317565
1096,-3.0467438770,-11.5705747207,50.7702317565
1097,-2.9975908529,-11.5832867882,50.7702317565
1098,-2.9483923247,-11.5957403357,50.7502317565
1099,-2.8991668535,-11.6080869552,50.7502317565
1100,-2.8498870840,-11.6202984556,50.7702317565
1101,-2.8005669525,-11.6323459062,50.7702317565
1102,-2.7511750201,-11.6440955210,50.7702317565
1103,-2.7017279262,-11.6556107863,50.7702317565
1104,-2.6522169614,-11.6668482594,50.7702317565
1105,-2.6026568588,-11.6778670004,50.7702317565
1106,-2.5530722203,-11.6887747989,50.7702317565
1107,-2.5034421315,-11.6994738975,50.7702317565
1108,-2.4538171747,-11.7101016765,50.7502317565
1109,-2.4041240824,-11.7204061710,50.7502317565
1110,-2.3543814997,-11.7305694332,50.7702317565
1111,-2.3045862218,-11.7404712877,50.7702317565
1112,-2.2547351617,-11.7500883683,50.7702317565
1113,-2.2048428420,-11.7594890529,50.7702317565
1114,-2.1548952456,-11.7687023722,50.7902317565
1115,-2.1049108127,-11.7776002878,50.7702317565
1116,-2.0548758497,-11.7862095220,50.7702317565
1117,-2.0048122460,-11.7946506127,50.7702317565
1118,-1.9547003358,-11.8028000231,50.7702317565
1119,-1.9045705808,-11.8107116402,50.7502317565
1120,-1.8544272471,-11.8185367355,50.7502317565
1121,-1.8042417152,-11.8262197570,50.7702317565
1122,-1.7540393848,-11.8337922373,50.7702317565
1123,-1.7037980689,-11.8411015880,50.7702317565
1124,-1.6535295619,-11.8482215339,50.7702317565
1125,-1.6032049219,-11.8550828936,50.7902317565
1126,-1.5528567031,-11.8616153736,50.7702317565
1127,-1.5024904314,-11.8680071733,50.7702317565
1128,-1.4520870121,-11.8740991156,50.7702317565
1129,-1.4016839918,-11.8800254605,50.7502317565
1130,-1.3512522647,-11.8857023372,50.7502317565
1131,-1.3007847971,-11.8912386851,50.7702317565
1132,-1.2502993947,-11.8966090276,50.7702317565
1133,-1.1997908849,-11.9017575096,50.7702317565
1134,-1.1492773160,-11.9068561162,50.7702317565
1135,-1.0987453968,-11.9117695240,50.7702317565
1136,-1.0481879416,-11.9164128158,50.7702317565
1137,-0.9975975544,-11.9206823764,50.7702317565
1138,-0.9470125824,-11.9247746417,50.7502317565
1139,-0.8964144816,-11.9287012454,50.7502317565
1140,-0.8457748595,-11.9323406283,50.7702317565
1141,-0.7950829695,-11.9358064523,50.8102317565
1142,-0.7444216145,-11.9391296349,50.7702317565
1143,-0.6937422533,-11.9421658793,50.7702317565
1144,-0.6430498408,-11.9449758172,50.7702317565
1145,-0.5923491363,-11.9476319419,50.7702317565
1146,-0.5416593468,-11.9501080797,50.7502317565
1147,-0.4909556243,-11.9522803024,50.7502317565
1148,-0.4402194570,-11.9541398076,50.7702317565
1149,-0.3894743550,-11.9557370107,50.7702317565
1150,-0.3387235285,-11.9571405921,50.7702317565
1151,-0.2879678091,-11.9583544201,50.7702317565
1152,-0.2372064402,-11.9593030306,50.7702317565
1153,-0.1864414637,-11.9600335036,50.7702317565
1154,-0.1356940713,-11.9605703401,50.7502317565
1155,-0.0849442491,-11.9607742083,50.7502317565
1156,-0.0341740312,-11.9608117192,50.7702317565
1157,0.0165960938,-11.9607075736,50.7702317565
1158,0.0673661188,-11.9605626755,50.7702317565
1159,0.1181344636,-11.9601249629,50.7702317565
1160,0.1689012515,-11.9595336216,50.7702317565
1161,0.2196643525,-11.9586827329,50.7702317565
1162,0.2704434445,-11.9576190366,50.7902317565
1163,0.3211956525,-11.9562663288,50.7702317565
1164,0.3719404305,-11.9546588646,50.7702317565
1165,0.4226780010,-11.9528380479,50.7702317565
1166,0.4734047983,-11.9507384141,50.7702317565
1167,0.5241469825,-11.9485297060,50.7902317565
1168,0.5748601077,-11.9461223496,50.7702317565
1169,0.6255698327,-11.9436444031,50.7702317565
1170,0.6762666994,-11.9409160088,50.7702317565
1171,0.7269483530,-11.9379182720,50.7702317565
1172,0.7776173125,-11.9347131236,50.7702317565
1173,0.8282667453,-11.9312129253,50.7702317565
1174,0.8789030235,-11.9275273095,50.7702317565
1175,0.9295221711,-11.9236134465,50.7702317565
1176,0.9801207298,-11.9194418411,50.7702317565
1177,1.0306950944,-11.9149864979,50.7702317565
1178,1.0812575186,-11.9101814071,50.7902317565
1179,1.1317944380,-11.9053196985,50.7702317565
1180,1.1823080578,-11.9002215961,50.7702317565
1181,1.2327959191,-11.8948744194,50.7702317565
1182,1.2832470718,-11.8893728548,50.7502317565
1183,1.3336714267,-11.8836308647,50.7502317565
1184,1.3840974771,-11.8777291802,50.7702317565
1185,1.4344995575,-11.8716261712,50.7702317565
1186,1.4848845380,-11.8653835614,50.7702317565
1187,1.5352108026,-11.8588373326,50.7502317565
1188,1.5855131602,-11.8521098635,50.7502317565
1189,1.6358291044,-11.8453332714,50.7702317565
1190,1.6861201627,-11.8383744005,50.7702317565
1191,1.7363879152,-11.8312491295,50.7702317565
1192,1.7865892118,-11.8238049475,50.7502317565
1193,1.8367676286,-11.8162080726,50.7502317565
1194,1.8869068180,-11.8084867968,50.7302317565
1195,1.9370089205,-11.8005284210,50.7302317565
1196,1.9870915924,-11.7923240322,50.7502317565
1197,2.0371489545,-11.7838460058,50.7702317565
1198,2.0871715356,-11.7751651177,50.7702317565
1199,2.1371791137,-11.7662831265,50.7902317565
1200,2.1871260781,-11.7571772393,50.7702317565
1201,2.2370447365,-11.7479174348,50.7702317565
1202,2.2868889561,-11.7382649637,50.7702317565
1203,2.3366928834,-11.7284067049,50.7702317565
1204,2.3864527779,-11.7183285440,50.7702317565
1205,2.4361831255,-11.7081055815,50.7702317565
1206,2.4858769229,-11.6977064022,50.7702317565
1207,2.5355136814,-11.6870382890,50.7702317565
1208,2.5851046060,-11.6761591057,50.7702317565
1209,2.6346681187,-11.6651557133,50.7702317565
1210,2.6841983053,-11.6540032678,50.7702317565
1211,2.7336438981,-11.6424815581,50.7702317565
1212,2.7830179239,-11.6306569225,50.7702317565
1213,2.8323427734,-11.6186288034,50.7702317565
1214,2.8816196772,-11.6064057438,50.7702317565
1215,2.9308888244,-11.5940688571,50.7902317565
1216,2.9800518204,-11.5813954098,50.7702317565
1217,3.0291216341,-11.5684439853,50.7502317565
1218,3.0780809278,-11.5552335662,50.7102317565
1219,3.1269262794,-11.5418329094,50.6502317565
1220,3.1757078206,-11.5283511887,50.6102317565
1221,3.2243559962,-11.5146150705,50.5502317565
1222,3.2729371302,-11.5007891191,50.5102317565
1223,3.3214322302,-11.4868804469,50.4502317565
1224,3.3698183519,-11.4727392061,50.4102317565
1225,3.4181201566,-11.4585236690,50.3502317565
1226,3.4662533919,-11.4440223634,50.2702317565
1227,3.5142658803,-11.4293299052,50.2102317565
1228,3.5621756155,-11.4144399949,50.1702317565
1229,3.6099940188,-11.3993255630,50.1502317565
1230,3.6577879701,-11.3841339876,50.1502317565
1231,3.7055546542,-11.3687913657,50.1702317565
1232,3.7532494015,-11.3530981043,50.2102317565
1233,3.8009263826,-11.3371606743,50.2702317565
1234,3.8486043397,-11.3211004182,50.3102317565
1235,3.8962776912,-11.3048396739,50.3702317565
1236,3.9439494573,-11.2883282053,50.4502317565
1237,3.9916207857,-11.2715124274,50.5502317565
1238,4.0393361696,-11.2544620749,50.6702317565
1239,4.0870486020,-11.2371086825,50.7702317565
1240,4.1346875318,-11.2195545149,50.7702317565
1241,4.1822351400,-11.2017544759,50.7702317565
1242,4.2297355352,-11.1838288269,50.7702317565
1243,4.2771838781,-11.1657658486,50.7702317565
1244,4.3245132033,-11.1473932765,50.7702317565
1245,4.3717589666,-11.1288068759,50.7702317565
1246,4.4189865713,-11.1101743831,50.7702317565
1247,4.4661240303,-11.0913689057,50.7502317565
1248,4.5131859025,-11.0723750591,50.7502317565
1249,4.5601933322,-11.0531938708,50.7702317565
1250,4.6070888649,-11.0337407104,50.7702317565
1251,4.6538767707,-11.0140300964,50.7702317565
1252,4.7005997716,-10.9941150563,50.7902317565
1253,4.7471830693,-10.9739256332,50.7702317565
1254,4.7937041812,-10.9535933292,50.7702317565
1255,4.8401953633,-10.9331926817,50.7702317565
1256,4.8865998710,-10.9125956406,50.7702317565
1257,4.9329128628,-10.8917936403,50.7702317565
1258,4.9791163834,-10.8707496122,50.7702317565
1259,5.0251663762,-10.8493717124,50.7702317565
1260,5.0711235025,-10.8277948969,50.7702317565
1261,5.1169923372,-10.8060310176,50.7702317565
1262,5.1627581390,-10.7840975408,50.7502317565
1263,5.2084380531,-10.7619857460,50.7502317565
1264,5.2540638384,-10.7397168404,50.7702317565
1265,5.2995853957,-10.7172356427,50.7702317565
1266,5.3449968645,-10.6945776525,50.7502317565
1267,5.3903044845,-10.6717127100,50.7502317565
1268,5.4355834597,-10.6487468474,50.7702317565
1269,5.4807128889,-10.6254884930,50.7702317565
1270,5.5258151467,-10.6021774919,50.7702317565
1271,5.5708277913,-10.5786939177,50.7702317565
1272,5.6156944036,-10.5549325303,50.7702317565
1273,5.6605185390,-10.5310911100,50.7702317565
1274,5.7051527711,-10.5068960329,50.7702317565
1275,5.7497127265,-10.4825644319,50.7702317565
1276,5.7941392198,-10.4579899914,50.7702317565
1277,5.8384577576,-10.4332213895,50.7702317565
1278,5.8826853782,-10.4082908056,50.7702317565
1279,5.9268589445,-10.3832240212,50.7902317565
1280,5.9708430867,-10.3578663464,50.7702317565
1281,6.0147030721,-10.3322945238,50.7702317565
1282,6.0584183730,-10.3064761408,50.7702317565
1283,6.1019985118,-10.2804302596,50.7702317565
1284,6.1455049764,-10.2542227190,50.7902317565
1285,6.1888950355,-10.2278613988,50.7702317565
1286,6.2321804111,-10.2013285383,50.7702317565
1287,6.2753299925,-10.1745754064,50.7702317565
1288,6.3184030091,-10.1476991777,50.7702317565
1289,6.3614241012,-10.1207399109,50.7702317565
1290,6.4043114856,-10.0935684426,50.7702317565
1291,6.4471303608,-10.0662891398,50.7702317565
1292,6.4898122650,-10.0387960227,50.7702317565
1293,6.5323357629,-10.0110585290,50.7702317565
1294,6.5747374978,-9.9831352536,50.7702317565
1295,6.6170166062,-9.9550266529,50.7702317565
1296,6.6591920844,-9.9267627984,50.7702317565
1297,6.7011884507,-9.8982334864,50.7702317565
1298,6.7430731817,-9.8695405300,50.7702317565
1299,6.7848831227,-9.8407387026,50.7702317565
1300,6.8265933511,-9.8117575968,50.7902317565
1301,6.8681717139,-9.7826224603,50.7702317565
1302,6.9095763175,-9.7532409145,50.7702317565
1303,6.9508190421,-9.7236325694,50.7702317565
1304,6.9919650357,-9.6938899461,50.7702317565
1305,7.0330373440,-9.6640456514,50.7702317565
1306,7.0740351864,-9.6340991433,50.7702317565
1307,7.1149246431,-9.6040048122,50.7702317565
1308,7.1557001388,-9.5737562522,50.7702317565
1309,7.1964145786,-9.5434255610,50.7702317565
1310,7.2369452564,-9.5128497440,50.7702317565
1311,7.2773339400,-9.4820866058,50.7702317565
1312,7.3176978645,-9.4512909887,50.7702317565
1313,7.3578929801,-9.4202753618,50.7702317565
1314,7.3981008743,-9.3892763025,50.7702317565
1315,7.4382689096,-9.3582256121,50.7702317565
1316,7.4782283073,-9.3268744690,50.7902317565
1317,7.5180010084,-9.2953189832,50.7702317565
1318,7.5576039494,-9.2635507050,50.7702317565
1319,7.5970473133,-9.2315845124,50.7702317565
1320,7.6363279603,-9.1994185800,50.7702317565
1321,7.6755017960,-9.1670912194,50.7902317565
1322,7.7145096430,-9.1345949996,50.7702317565
1323,7.7533084871,-9.1018495246,50.7702317565
1324,7.7920273327,-9.0690094968,50.7702317565
1325,7.8305837180,-9.0359788810,50.7702317565
1326,7.8689812553,-9.0027637404,50.7702317565
1327,7.9072229075,-8.9693692428,50.7702317565
1328,7.9452312626,-8.9357094542,50.7702317565
1329,7.9830617521,-8.9018498839,50.7702317565
1330,8.0208304673,-8.8679214211,50.7702317565
1331,8.0584891177,-8.8338708340,50.7702317565
1332,8.0959935655,-8.7996208115,50.7902317565
1333,8.1333032376,-8.7651881992,50.7702317565
1334,8.1704320909,-8.7305606857,50.7702317565
1335,8.2074153605,-8.6958069263,50.7502317565
1336,8.2442055540,-8.6608488416,50.7502317565
1337,8.2808414012,-8.6257001413,50.7702317565
1338,8.3172122915,-8.5902773412,50.7702317565
1339,8.3534774445,-8.5547462968,50.7702317565
1340,8.3896850894,-8.5191566511,50.7702317565
1341,8.4258441180,-8.4835461094,50.7502317565
1342,8.4618933553,-8.4478244282,50.7502317565
1343,8.4977790107,-8.4119101390,50.7702317565
1344,8.5335277505,-8.3758595630,50.7702317565
1345,8.5690104423,-8.3395470993,50.7702317565
1346,8.6043500859,-8.3030954049,50.7702317565
1347,8.6394957345,-8.2664566301,50.7702317565
1348,8.6744534230,-8.2296109023,50.7902317565
1349,8.7092503604,-8.1926407850,50.7702317565
1350,8.7438523838,-8.1554881752,50.7702317565
1351,8.7783395199,-8.1182288962,50.7702317565
1352,8.8127481437,-8.0808970995,50.7702317565
1353,8.8469797260,-8.0433758200,50.7902317565
1354,8.8809964738,-8.0056866000,50.7702317565
1355,8.9147903267,-7.9677973940,50.7702317565
1356,8.9485221239,-7.9298529307,50.7702317565
1357,8.9821520003,-7.8918181066,50.7702317565
1358,9.0157087010,-7.8537453623,50.7502317565
1359,9.0490722703,-7.8155032615,50.7502317565
1360,9.0822969706,-7.7771139958,50.7702317565
1361,9.1153733551,-7.7385968669,50.7702317565
1362,9.1482171207,-7.6998811919,50.7702317565
1363,9.1808493436,-7.6609870475,50.7702317565
1364,9.2133086398,-7.6219484702,50.7702317565
1365,9.2455814666,-7.5827555998,50.7702317565
1366,9.2776192789,-7.5433703867,50.7702317565
1367,9.3094679374,-7.5038320587,50.7702317565
1368,9.3411055126,-7.4641502006,50.7502317565
1369,9.3726512195,-7.4243952714,50.7502317565
1370,9.4040607279,-7.3845071878,50.7702317565
1371,9.4353275001,-7.3445071204,50.7702317565
1372,9.4664625669,-7.3044044515,50.7702317565
1373,9.4973630592,-7.2641459667,50.7502317565
1374,9.5280677884,-7.2237379771,50.7502317565
1375,9.5585719475,-7.1831533407,50.7702317565
1376,9.5888492700,-7.1423991976,50.7702317565
1377,9.6190125605,-7.1015605844,50.7702317565
1378,9.6489308692,-7.0605421587,50.7702317565
1379,9.6786796132,-7.0194005902,50.7702317565
1380,9.7081801739,-6.9780806997,50.7702317565
1381,9.7375480929,-6.9366664296,50.7702317565
1382,9.7667447725,-6.8951557090,50.7502317565
1383,9.7957808810,-6.8535325133,50.7502317565
1384,9.8247322092,-6.8118259547,50.7702317565
1385,9.8535675698,-6.7699905435,50.8102317565
1386,9.8821832045,-6.7280529483,50.7702317565
1387,9.9105303054,-6.6859333769,50.7702317565
1388,9.9387518629,-6.6437295841,50.7702317565
1389,9.9668970615,-6.6014748302,50.7702317565
1390,9.9948516280,-6.5590697614,50.7902317565
1391,10.0227431958,-6.5166471628,50.7702317565
1392,10.0503996682,-6.4740709257,50.7702317565
1393,10.0778360381,-6.4313525217,50.7702317565
1394,10.1051970851,-6.3885858344,50.7702317565
1395,10.1324670689,-6.3457610237,50.7702317565
1396,10.1594110990,-6.3027539862,50.7502317565
1397,10.1862071643,-6.2596546022,50.7502317565
1398,10.2129028196,-6.2164694378,50.7702317565
1399,10.2394095164,-6.1731680353,50.7702317565
1400,10.2656562203,-6.1297085488,50.7702317565
1401,10.2917686800,-6.0861449506,50.7902317565
1402,10.3178292751,-6.0425736090,50.7702317565
1403,10.3436227617,-5.9988436138,50.7702317565
1404,10.3691750808,-5.9549722629,50.7702317565
1405,10.3944943108,-5.9109659790,50.7702317565
1406,10.4197127784,-5.8668788319,50.7902317565
1407,10.4446973477,-5.8226816858,50.7702317565
1408,10.4693894604,-5.7783433774,50.7502317565
1409,10.4939612599,-5.7339382798,50.7502317565
1410,10.5183993443,-5.6894366341,50.7702317565
1411,10.5425852033,-5.6447974063,50.7702317565
1412,10.5665016761,-5.6000132712,50.7702317565
1413,10.5900625003,-5.5550410132,50.7702317565
1414,10.6134448189,-5.5099982201,50.7502317565
1415,10.6366635496,-5.4648708829,50.7502317565
1416,10.6596474507,-5.4196010616,50.7702317565
1417,10.6824597726,-5.3742445361,50.7702317565
1418,10.7051188716,-5.3288112700,50.7702317565
1419,10.7275625167,-5.2832711863,50.7702317565
1420,10.7498434989,-5.2376512974,50.7702317565
1421,10.7719821198,-5.1919843784,50.7502317565
1422,10.7939073845,-5.1462146418,50.7502317565
1423,10.8156625693,-5.1003859570,50.7302317565
1424,10.8371228364,-5.0544184321,50.7302317565
1425,10.8585206233,-5.0084438486,50.7102317565
1426,10.8796416238,-4.9623414524,50.7102317565
1427,10.9005363376,-4.9161141082,50.7302317565
1428,10.9213685110,-4.8698146807,50.7702317565
1429,10.9420318313,-4.8234396484,50.7702317565
1430,10.9624116499,-4.7769393319,50.7702317565
1431,10.9825655839,-4.7303624603,50.7502317565
1432,11.0025209588,-4.6837001732,50.7502317565
1433,11.0222914514,-4.6369375380,50.7702317565
1434,11.0419369734,-4.5901222638,50.7702317565
1435,11.0613060150,-4.5431919255,50.7702317565
1436,11.0805935711,-4.4962280392,50.7702317565
1437,11.0997359818,-4.4492048051,50.7702317565
1438,11.1185763803,-4.4020382171,50.7902317565
1439,11.1372669386,-4.3548335620,50.7702317565
1440,11.1558122402,-4.3075716511,50.7702317565
1441,11.1741457070,-4.2602271643,50.7702317565
1442,11.1922923327,-4.2128107493,50.7702317565
1443,11.2103331996,-4.1653325989,50.7902317565
1444,11.2281082348,-4.1177756378,50.7702317565
1445,11.2457014624,-4.0701511192,50.7702317565
1446,11.2630262364,-4.0224282877,50.7702317565
1447,11.2801929741,-3.9746483803,50.7702317565
1448,11.2971141887,-3.9267809705,50.7702317565
1449,11.3136969584,-3.8787952624,50.7702317565
1450,11.3300978671,-3.8307470925,50.7702317565
1451,11.3463361575,-3.7826437209,50.7702317565
1452,11.3622299196,-3.7344254178,50.7702317565
1453,11.3780712702,-3.6861898703,50.7702317565
1454,11.3936695727,-3.6378961959,50.7502317565
1455,11.4091604197,-3.5895679466,50.7502317565
1456,11.4242942907,-3.5411476785,50.7302317565
1457,11.4391579798,-3.4926437904,50.7302317565
1458,11.4537786840,-3.4440452201,50.7502317565
1459,11.4681935035,-3.3953434684,50.7902317565
1460,11.4823608600,-3.3465899819,50.7702317565
1461,11.4962695414,-3.2977620697,50.7702317565
1462,11.5100071624,-3.2488857543,50.7702317565
1463,11.5235403948,-3.1999732034,50.7502317565
1464,11.5368963854,-3.1510119581,50.7502317565
1465,11.5502135698,-3.1020194175,50.7702317565
1466,11.5633984070,-3.0529910941,50.7702317565
1467,11.5763510614,-3.0039009201,50.7702317565
1468,11.5892020341,-2.9548047031,50.7502317565
1469,11.6018264374,-2.9056497393,50.7502317565
1470,11.6142809312,-2.8564308200,50.7702317565
1471,11.6265491488,-2.8071651396,50.7702317565
1472,11.6384593627,-2.7578116875,50.7702317565
1473,11.6501389662,-2.7084031528,50.7702317565
1474,11.6616306545,-2.6589505742,50.7702317565
1475,11.6727548419,-2.6093935354,50.7902317565
1476,11.6836571750,-2.5598076950,50.7702317565
1477,11.6943409841,-2.5101743125,50.7702317565
1478,11.7048801303,-2.4605100112,50.7702317565
1479,11.7153973628,-2.4108410646,50.7702317565
1480,11.7258045069,-2.3611489346,50.7702317565
1481,11.7358502451,-2.3113824843,50.7702317565
1482,11.7456495949,-2.2615873162,50.7502317565
1483,11.7551839373,-2.2117407282,50.7502317565
1484,11.7644162111,-2.1618169708,50.7702317565
1485,11.7737214218,-2.1119067565,50.7702317565
1486,11.7827688058,-2.0619491617,50.7702317565
1487,11.7917064555,-2.0119921358,50.7502317565
1488,11.8004065108,-1.9619931852,50.7502317565
1489,11.8089053050,-1.9119393449,50.7702317565
1490,11.8169642212,-1.8618128020,50.7702317565
1491,11.8246657932,-1.8116098795,50.7902317565
1492,11.8320426484,-1.7613784307,50.7702317565
1493,11.8392355088,-1.7111203051,50.7702317565
1494,11.8462465240,-1.6608364896,50.7702317565
1495,11.8530159418,-1.6105195798,50.7702317565
1496,11.8596175485,-1.5601602070,50.7902317565
1497,11.8659846820,-1.5097908111,50.7702317565
1498,11.8722465437,-1.4594283736,50.7502317565
1499,11.8783646931,-1.4090482756,50.7502317565
1500,11.8844229343,-1.3586407946,50.7702317565
1501,11.8902487978,-1.3082059282,50.7702317565
1502,11.8958769060,-1.2577486113,50.7702317565
1503,11.9012093394,-1.2072591907,50.7702317565
1504,11.9062908610,-1.1567439002,50.7702317565
1505,11.9110451773,-1.1061967647,50.7702317565
1506,11.9155472033,-1.0556265344,50.7702317565
1507,11.9199453403,-1.0050270874,50.7902317565
1508,11.9241220784,-0.9544289522,50.7702317565
1509,11.9281590121,-0.9038194709,50.7702317565
1510,11.9320815402,-0.8532210539,50.7502317565
1511,11.9358456017,-0.8026106018,50.7502317565
1512,11.9395238704,-0.7519737894,50.7702317565
1513,11.9429298512,-0.7013179336,50.7702317565
