episode_idx,env_step,reward,contour_error,jerk,kcm_intervention
0,1,-1.8604818232328912,1.570796300956333e-05,50000.0,0.48276828978589037
0,2,-1.9281780847979932,0.00020420347261491215,50000.0,0.6248443770641482
0,3,-1.8858210433687135,0.0011466797183787812,50000.0,0.755679603409334
0,4,-1.7110952146726484,0.004288251701158257,50000.0,0.8292508912128034
0,5,-1.5242781077931629,0.012534766243571924,50000.0,0.85347770524164
0,6,-1.7326276769103295,0.030346742186559448,50000.0,0.9472698118436749
0,7,-1.7038167646294018,0.064649500779028,50000.0,0.7278006809485396
0,8,-2.0137238390467957,0.12571034494561723,50000.0,0.44464068903830056
0,9,-3.0632156741384,0.21680396991157191,-50000.0,0.20347477628425403
0,10,-5.322939779205349,0.3003509439170008,-50000.0,0.5271976558575431
0,11,-4.815075557072394,0.3572674560409,-50000.0,0.036253111669569626
1,1,-1.813047250573342,1.570796300956333e-05,50000.0,0.4590510034561157
1,2,-1.5616278141167252,0.00020420347261491215,50000.0,0.44100618197629526
1,3,-1.6103396355559962,0.0011466797183787812,50000.0,0.6127849813856906
1,4,-1.501152951258465,0.004288251701158257,50000.0,0.7292797595057117
1,5,-1.348048703608131,0.012534766243571924,50000.0,0.7638671673680266
1,6,-1.4621294779918368,0.031006378151726636,50000.0,0.8022868008360936
1,7,-1.8682582606981581,0.06794721981360158,50000.0,0.7566398821086077
1,8,-2.686611476813715,0.13578954861948375,50000.0,0.6480533239125024
1,9,-4.085160994253023,0.23944140249285217,-50000.0,0.5029377807595445
1,10,-5.3331233377177485,0.33720894698452974,-50000.0,0.28132213473877543
1,11,-1.8374160198700682,0.40599911534206157,-50000.0,0.08198254530848073
2,1,-1.2368482554599691,1.570796300956333e-05,50000.0,0.1709515058994293
2,2,-1.0427652645801067,0.00010995573641600192,50000.0,0.18301227375307233
2,3,-1.10864908412207,0.0002984512832288791,50000.0,0.39551405161932907
2,4,-0.549993649767127,0.0006126105279170077,50000.0,0.3437287631320961
2,5,-0.12277428701065275,0.001319468770328532,50000.0,0.4161288180462736
2,6,1.6903522579114096,0.0026167872600298186,32373.523712158203,0.520317207209764
2,7,0.44107135475740544,0.004206114854870531,-50000.0,0.6871617236393677
2,8,0.8141724787275105,0.0051153674660723075,-50000.0,0.6980806960236557
2,9,0.9315669031278723,0.0036267295730268594,-50000.0,0.8206969027858488
2,10,1.2063180727004494,0.002638348908876671,-50000.0,0.888559564519033
2,11,100.0,0.011116503898987013,-50000.0,0.755067699891922
2,12,6.297891767244965,0.015582942365603042,-50000.0,0.45461189300372157
3,1,-1.825960422304394,1.570796300956333e-05,50000.0,0.4655075893216417
3,2,-1.9188849948793545,0.00020420347261491215,50000.0,0.6189005340310602
3,3,-1.5555279581343575,0.0009581849157160303,50000.0,0.5954303474247318
3,4,-1.1610792706200939,0.0028431360429692376,50000.0,0.5967288422146177
3,5,-0.9210233905166206,0.006848647634593714,50000.0,0.6825099271801129
3,6,-0.6181367932341917,0.01476538611146866,50000.0,0.7248677156433491
3,7,-0.4023333469817729,0.029719082787681872,50000.0,0.7330524300521339
3,8,-0.26013371793339635,0.0568614146125487,50000.0,0.6160044921643328
3,9,-0.6880340544152322,0.09895738239118484,-50000.0,0.3977958599377554
3,10,-1.895080473101793,0.13983326724420592,-50000.0,0.3334129826027984
3,11,1.7285466119938901,0.16918657868317233,-50000.0,0.5146782677511993
4,1,2.8921948001591606,0.0,0.0,0.04733229696750641
4,2,2.708780122035233,0.0,0.0,0.13461633130908013
4,3,2.2829109482551493,0.0,0.0,0.3472122484818101
4,4,-0.9307914381998789,0.0,25000.0,0.9900000000000001
4,5,-0.9236247784905584,3.926989202077198e-05,-25000.0,0.975
4,6,-0.8693105782819279,0.00025918066876254986,25000.0,0.955
4,7,-0.7662999340655507,0.0011388152676484863,25000.0,0.9299999999999999
4,8,-0.7748855224450214,0.0030236994221531257,-25000.0,0.9
4,9,-0.8290889069364055,0.007146658268034904,25000.0,0.8650000000000001
4,10,-0.9883597263018823,0.01578431861165297,25000.0,0.825
4,11,-1.3974109525829561,0.03271089793959404,25000.0,0.78
4,12,-2.1635605527566097,0.06372774877117102,25000.0,0.73
4,13,0.6362821860988759,0.11706985183720037,25000.0,0.6799999999999999
4,14,-0.8769944972437235,0.20385799311944722,25000.0,0.63
4,15,-2.361984302899441,0.3385359826165998,25000.0,0.58
4,16,-3.389708757506489,0.5392852372782039,25000.0,0.53
4,17,-3.878485830067999,0.8186060473838264,-25000.0,0.48
5,1,-2.0074007756979486,1.570796300956333e-05,50000.0,0.5562277660184191
5,2,-2.121778022414875,0.00020420347261491215,50000.0,0.7197454530527078
5,3,-1.9464274297511672,0.0011466797183787812,50000.0,0.7834022751958176
5,4,-1.8841738480856476,0.003974098037583223,50000.0,0.9213652568884032
5,5,-1.2462377973278476,0.010335746874309007,50000.0,0.764928630288982
5,6,-0.9814716120510957,0.022870403823381485,50000.0,0.7326228705233869
5,7,-1.0096666736544233,0.045740181084627254,50000.0,0.7325014800242261
5,8,-1.2989789754909518,0.08532105805113646,50000.0,0.6746618403476282
5,9,-2.214925772625776,0.1437517245557295,-50000.0,0.573399652031007
5,10,-3.1310056585823953,0.19796064031040483,-50000.0,0.3018041208977315
5,11,-1.9343349660181255,0.2355176162869647,-50000.0,0.5306214762226128
6,1,2.4968593940941735,0.0,0.0,0.245
6,2,-0.9443578567494292,3.1415918267558146e-05,25000.0,0.985
6,3,-0.822329809120951,0.00026703497970852544,25000.0,0.97
6,4,-0.7651121535183179,0.0008953493762644207,-25000.0,0.95
6,5,-0.7066834155762337,0.002544652284747154,25000.0,0.925
6,6,-0.6842254887226616,0.006502854836494591,25000.0,0.895
6,7,-1.3988817225132684,0.01358636273568744,-25000.0,1.13
6,8,-1.2287258656157598,0.024328312900104822,-25000.0,0.8400000000000001
6,9,-1.7200163965615647,0.0411450643119348,25000.0,0.8049999999999999
6,10,-2.4635545015492784,0.06469150913542732,-25000.0,0.7649999999999999
6,11,-3.369821892607015,0.09883520169211987,25000.0,0.72
6,12,-4.487459693747862,0.14932862227241994,25000.0,0.67
6,13,-1.7656711717629088,0.21791903692017411,-25000.0,0.62
6,14,-2.9939708227333233,0.31258644104749433,25000.0,0.5700000000000001
6,15,-9.961592516226906,0.44373661834103406,25000.0,1.4749999999999999
6,16,-10.828711412464186,0.624464556489983,25000.0,1.515
6,17,-9.1860459885396,0.8589850811755776,-25000.0,0.44
7,1,-2.0074007756979486,1.570796300956333e-05,50000.0,0.5562277660184191
7,2,-2.0769538788666075,0.00020420347261491215,50000.0,0.6989212770295736
7,3,-1.995180691304734,0.0011466797183787812,50000.0,0.8108169132915746
7,4,-1.791448066232107,0.004288251701158257,50000.0,0.8699583577206249
7,5,-1.8539203438909062,0.012063554235470874,50000.0,1.0231996109041959
7,6,-1.775519712242794,0.027896581133309853,50000.0,1.0256552358903923
7,7,-1.6318031694727366,0.05692281732173546,50000.0,0.826733276823167
7,8,-1.9695491836665566,0.10667930622402336,50000.0,0.6910130040896938
7,9,-3.030795700318681,0.17893069281987875,-50000.0,0.5760575769121827
7,10,-4.301494557071061,0.244697406843636,-50000.0,0.4622463276658443
7,11,-3.1663294413813237,0.28998824403607676,-50000.0,0.10390663875720492
8,1,2.839833192607586,0.0,0.0,0.07351310074329376
8,2,-0.990598738793936,1.5707962234406433e-05,25000.0,1.005
8,3,-0.8392048261237209,6.283184893762573e-05,25000.0,1.0
8,4,-0.7593558407750577,6.283184893762573e-05,-25000.0,0.9900000000000001
8,5,-0.6255938855215807,0.0001727875031870061,25000.0,0.975
8,6,-0.45834478607165485,0.0011623859985250065,25000.0,0.955
8,7,-0.3188887180690848,0.0040211984449043,25000.0,0.9299999999999999
8,8,-0.6561058527048135,0.010524068888177716,25000.0,1.09
8,9,-0.4355315522833211,0.023529243913875817,25000.0,0.8849999999999999
8,10,-0.8562636638242167,0.04738587084384177,25000.0,0.855
8,11,-1.7262109824119665,0.08631441130387264,-25000.0,0.8200000000000001
8,12,-3.7375844611906026,0.14710465928049254,25000.0,1.21
8,13,-5.144506428963104,0.23810494858218845,25000.0,1.235
8,14,-5.393855521693158,0.3701689559662329,25000.0,0.735
8,15,-7.983781907819637,0.5346474419413969,-50000.0,0.7
8,16,-8.629939830447407,0.6536992869808358,-50000.0,0.6599999999999999
9,1,-1.9989589400560879,1.570796300956333e-05,50000.0,0.5520068481974886
9,2,-2.111074164622748,0.00020420347261491215,50000.0,0.719309105800226
9,3,-1.8736803517074627,0.0011466797183787812,50000.0,0.7514571073649903
9,4,-1.6980957887871047,0.004288251701158257,50000.0,0.8262604786211745
9,5,-1.766615566191131,0.012063554235470874,50000.0,0.9797750661733802
9,6,-1.458187559378862,0.028556237412882587,50000.0,0.842537218287998
9,7,-1.179704637251552,0.06022079105630425,50000.0,0.5442514973227839
9,8,-1.9342596952095292,0.11676015739693518,50000.0,0.5248759553268707
9,9,-2.96951665566977,0.20157286346504114,-50000.0,0.302216239917349
9,10,-4.223913932018242,0.2806716528971048,-50000.0,0.12516493486952032
9,11,-4.35788387913871,0.3361178797974205,-50000.0,0.044885304253224116
10,1,2.4968593940941735,0.0,0.0,0.245
10,2,-0.9350369908799071,3.1415918267558146e-05,25000.0,0.985
10,3,-0.820758131793795,0.00026703497970852544,25000.0,0.97
10,4,-0.6643242474611075,0.001209506574542368,25000.0,0.95
10,5,-0.5222711138302212,0.003958344755346924,25000.0,0.925
10,6,-0.47921729129971946,0.010555349008259319,25000.0,0.895
10,7,-0.6416635742043467,0.02440816463146242,25000.0,0.86
10,8,-1.9123355240229414,0.04849866169735209,-25000.0,1.17
10,9,-2.125407640583554,0.08844310428687116,25000.0,0.795
10,10,-3.3261344332744804,0.15210927178326603,25000.0,0.755
10,11,-4.689525668586733,0.25018550719683064,25000.0,0.71
10,12,-5.894697220484089,0.39681696160998514,25000.0,0.6599999999999999
10,13,-2.6380703100083744,0.6097866169405842,25000.0,0.61
10,14,-4.934500006370148,0.8298753400161911,-50000.0,0.5599999999999999
11,1,-1.5732479639322778,1.570796300956333e-05,50000.0,0.33915136013558367
11,2,-1.722125219314355,0.00020420347261491215,50000.0,0.5164137533051784
11,3,-1.7338306535811803,0.0011466797183787812,50000.0,0.6771867280303189
11,4,-1.5449134433033556,0.004288251701158257,50000.0,0.7456460048739364
11,5,-1.6203754786262659,0.012063554235470874,50000.0,0.9054859017215827
11,6,-1.0246205187052464,0.028556237412882587,50000.0,0.631216796834819
11,7,-0.9557573756076368,0.06022079105630425,50000.0,0.4362383704366401
11,8,-1.790047370370043,0.11676015739693518,50000.0,0.4521648975538103
11,9,-2.8476683001834227,0.20157286346504114,-50000.0,0.24212374813446816
11,10,-4.264956576374305,0.2806716528971048,-50000.0,0.14001569212784212
11,11,-4.428985188367424,0.3356365671627323,-50000.0,0.08286780745450467
12,1,-2.0074007756979486,1.570796300956333e-05,50000.0,0.5562277660184191
12,2,-2.1179988883604355,0.00020420347261491215,50000.0,0.7224668700528738
12,3,-1.6714747773566498,0.0009581849157160303,50000.0,0.6520285449625518
12,4,-1.462388962957382,0.003157292683133809,50000.0,0.7359177384747788
12,5,-1.0251225934487722,0.00857649285402826,50000.0,0.6991477104592929
12,6,-0.7446810750214717,0.01979176536118817,50000.0,0.6749761927752622
12,7,-0.8383703297624463,0.04002291785137214,50000.0,0.7450386201087044
12,8,-0.8159468626975067,0.07395010933910685,50000.0,0.6039687521774435
12,9,-1.6208598176732667,0.12232925166300812,-50000.0,0.5469028588182785
12,10,-2.6415140446948073,0.1658734939951122,-50000.0,0.408921430551386
12,11,0.6005371543805192,0.19571485675206035,-50000.0,0.29610075500523286
13,1,-2.0074007756979486,1.570796300956333e-05,50000.0,0.5562277660184191
13,2,-2.0868679128755874,0.00020420347261491215,50000.0,0.7069806743693945
13,3,-1.6396069617244475,0.0011466797183787812,50000.0,0.6274701609134072
13,4,-1.564029074478234,0.003974098037583223,50000.0,0.7649090892476373
13,5,-0.910352821484537,0.01080696753302308,50000.0,0.584903926198466
13,6,-0.5638215419507623,0.025320663380256094,50000.0,0.4759105494321035
13,7,-0.5104956484232976,0.05346743703589671,50000.0,0.3338862384325491
13,8,-1.3022594901170303,0.10435445722238856,50000.0,0.3865295944980989
13,9,-2.97706420061937,0.18037355412843734,-50000.0,0.5178984243192488
13,10,-3.9242963398074067,0.25058266399594536,-50000.0,0.2109110259568179
13,11,-4.090134074210117,0.29877282557150436,-50000.0,0.4234718919386389
14,1,-1.549408907440426,1.570796300956333e-05,50000.0,0.32723183188965776
14,2,-1.786178488077387,0.00020420347261491215,50000.0,0.5511498235072738
14,3,-1.2822741982944579,0.0011466797183787812,50000.0,0.4510329070823236
14,4,-1.1630483094019768,0.004288251701158257,50000.0,0.5561959961736742
14,5,-0.9453118223538967,0.012534766243571924,50000.0,0.5660482867513427
14,6,-0.9270541317087836,0.031006378151726636,50000.0,0.5350531385030348
14,7,-1.536003970263231,0.06706787291125386,50000.0,0.6070041899388159
14,8,-2.054054053878001,0.13151957389775815,50000.0,0.38556343569527385
14,9,-3.1678433518286746,0.227637372667224,-50000.0,0.15194097484469113
14,10,-4.7367473354327,0.3165184359586587,-50000.0,0.12430314006799446
14,11,-5.217047423530994,0.37827774772905143,-50000.0,0.024246958534130444
15,1,-1.7859439797670862,1.570796300956333e-05,50000.0,0.44549936805298784
15,2,-1.999672276643867,0.00010995573641600192,50000.0,0.6573556911385408
15,3,-1.9114486107697048,0.0002984512832288791,50000.0,0.7976970813682793
15,4,-1.2906492946394112,0.0002984512832288791,50000.0,0.7313881023296516
15,5,-0.8758547238628575,0.00087964547739428,50000.0,0.8027104937093014
15,6,-0.029135490350714492,0.005497771788971615,50000.0,0.6236813262391838
15,7,0.5254618559091765,0.017812656173374727,50000.0,0.4912646526225375
15,8,0.35220377958687055,0.04495498799824155,50000.0,0.5022639445418973
15,9,-0.6265343071683412,0.09207610785651718,-50000.0,0.45223505704887734
15,10,-1.9604198913139992,0.1409473476837429,-50000.0,0.3282954138392208
15,11,1.300409684677221,0.17752300297481247,-50000.0,0.43438413155797806
16,1,2.4968593940941735,0.0,0.0,0.245
16,2,-0.9346523632992644,3.1415918267558146e-05,25000.0,0.985
16,3,-0.8162752062595466,0.00026703497970852544,25000.0,0.97
16,4,-0.6652591635997565,0.001209506574542368,25000.0,0.95
16,5,-0.6266577457358139,0.0034085771191860125,-25000.0,0.925
16,6,-0.6341062436540954,0.008246380237988437,25000.0,0.895
16,7,-1.3804344879902295,0.016617798664307258,-25000.0,1.13
16,8,-1.2590447576410113,0.02915007385612754,-25000.0,0.8400000000000001
16,9,-1.8384582764806665,0.04836921832679038,25000.0,0.8049999999999999
16,10,-2.612186171695215,0.07819471510321424,25000.0,0.7649999999999999
16,11,-3.6624195568703977,0.12438912267991592,25000.0,0.72
16,12,-4.930261389901799,0.195079911492336,25000.0,0.67
16,13,-7.803152942223362,0.29459841706118517,-25000.0,1.3749999999999998
16,14,-7.47429966122587,0.4265893212445999,-25000.0,0.575
16,15,-4.266514806728785,0.6023611590598891,25000.0,0.525
16,16,-4.74254844229885,0.8256133179497672,-25000.0,0.475
17,1,-1.853411788490536,1.570796300956333e-05,50000.0,0.4792332724147127
17,2,-2.0050979859931366,0.00020420347261491215,50000.0,0.6648655449697645
17,3,-1.938721479133149,0.0011466797183787812,50000.0,0.7854683707266905
17,4,-1.7453443508158173,0.004288251701158257,50000.0,0.8513754592843878
17,5,-1.5242266964645623,0.012534766243571924,50000.0,0.8509293054068647
17,6,-1.1929884941957536,0.031006378151726636,50000.0,0.6641034523711461
17,7,-1.6465596292151286,0.06794721981360158,50000.0,0.6466635818900497
17,8,-2.420801599318306,0.13578954861948375,50000.0,0.5148783302283891
17,9,-3.8138213370349923,0.23944140249285217,-50000.0,0.3671417923633508
17,10,-5.265279310778743,0.33720894698452974,-50000.0,0.24385267543558978
17,11,-1.7281502073201442,0.40599911534206157,-50000.0,0.021157366728030317
18,1,-2.0074007756979486,1.570796300956333e-05,50000.0,0.5562277660184191
18,2,-2.1209819678132056,0.00020420347261491215,50000.0,0.7197454530527078
18,3,-1.9258428381240467,0.0011466797183787812,50000.0,0.7733060828358934
18,4,-1.5517891700015751,0.004288251701158257,50000.0,0.7539499741371621
18,5,-1.4201126263377017,0.012534766243571924,50000.0,0.7983808306433078
18,6,-1.4750627045367597,0.030346742186559448,50000.0,0.8206764194850913
18,7,-1.4540861950563309,0.064649500779028,50000.0,0.6061480620774933
18,8,-2.810387467746466,0.12458001053230208,50000.0,0.85327831856624
18,9,-3.4674753981084607,0.21190627740423523,-50000.0,0.4488078556209911
18,10,-4.769335485845907,0.2910101436924327,-50000.0,0.3266085143739335
18,11,-4.696098567495447,0.34501998522462485,-50000.0,0.1208296210587215
19,1,-2.0074007756979486,1.570796300956333e-05,50000.0,0.5562277660184191
19,2,-2.118437345391941,0.00020420347261491215,50000.0,0.7197454530527078
19,3,-2.032550744251022,0.0011466797183787812,50000.0,0.8293558171899125
19,4,-1.4621055632255318,0.004288251701158257,50000.0,0.7041914134039409
19,5,-1.2140988460672775,0.012534766243571924,50000.0,0.6989079639718218
19,6,-1.3041620341397244,0.031006378151726636,50000.0,0.7213846715294565
19,7,-1.726018680819865,0.06794721981360158,50000.0,0.6896646477977608
19,8,-2.265837689780227,0.13578954861948375,50000.0,0.43430678777090354
19,9,-3.8210608904779657,0.23944140249285217,-50000.0,0.3697826125642803
19,10,-5.309922175358237,0.33720894698452974,-50000.0,0.2694717847654367
19,11,-1.874899822327882,0.40599911534206157,-50000.0,0.10042432940234003
20,1,-1.7235035546095392,1.570796300956333e-05,50000.0,0.41427915547421434
20,2,-1.8030959410891647,0.00020420347261491215,50000.0,0.5618227919350645
20,3,-1.8347374726752708,0.0009581849157160303,50000.0,0.7270826392801875
20,4,-1.6514545450085232,0.0028431360429692376,50000.0,0.8413400276900251
20,5,-1.3195632255507521,0.0063774146974993045,50000.0,0.9001442677067635
20,6,-0.8434125898995627,0.011655268130259109,50000.0,0.9112586356936305
20,7,-0.19765108585735155,0.01781276987902889,50000.0,0.8756204217518767
20,8,0.8115515638582691,0.022336658537635598,50000.0,0.7371554750490623
20,9,1.5231107245477662,0.020451692518096462,-50000.0,0.6349282068417532
20,10,1.7842413490587796,0.01156590742899912,-50000.0,0.5308915633210934
20,11,13.578227409606939,0.0009861161062197973,-50000.0,0.3799986769478801
21,1,-1.727570379522564,1.570796300956333e-05,50000.0,0.4163125679307268
21,2,-1.8013598175987349,0.00020420347261491215,50000.0,0.5628371661673084
21,3,-1.7922640256343256,0.0011466797183787812,50000.0,0.7095260683160964
21,4,-1.370766038826718,0.004288251701158257,50000.0,0.6597611238321737
21,5,-1.0240184036814362,0.012534766243571924,50000.0,0.6059591544290819
21,6,-0.7095104266294752,0.031006378151726636,50000.0,0.4282676751235369
21,7,-1.3278232542389847,0.06794721981360158,50000.0,0.48429003195090137
21,8,-2.2341737540884514,0.13578954861948375,50000.0,0.42004713204163857
21,9,-3.7928709828125475,0.23944140249285217,-50000.0,0.36089944237910837
21,10,-5.289854348253901,0.33720894698452974,-50000.0,0.26078463518173667
21,11,-1.711118653965629,0.40599911534206157,-50000.0,0.017015836350039323
22,1,-2.0074007756979486,1.570796300956333e-05,50000.0,0.5562277660184191
22,2,-2.121778022414875,0.00020420347261491215,50000.0,0.7197454530527078
22,3,-2.142739432213478,0.0009581849157160303,50000.0,0.8793558171899125
22,4,-1.806930902582742,0.003157292683133809,50000.0,0.9037833018719963
22,5,-1.0028475854529977,0.00857649285402826,50000.0,0.6852820675973652
22,6,-0.8763263292421617,0.020451459926168924,50000.0,0.7300570618291247
22,7,-0.4878797955288099,0.04420076118348562,50000.0,0.4879379464784297
22,8,-1.046624170149941,0.08830430794523089,50000.0,0.4934955415772123
22,9,-2.1833089068973157,0.1567847860002587,-50000.0,0.38546280728417204
22,10,-3.515641745370482,0.2225453116697943,-50000.0,0.24284468420887276
22,11,-2.6840103871959387,0.2697512555687537,-50000.0,0.18804876808126877
23,1,-1.7917717047007105,1.570796300956333e-05,50000.0,0.4484132305198
23,2,-1.960216444443265,0.00020420347261491215,50000.0,0.6418083733569303
23,3,-1.8357884699185352,0.0011466797183787812,50000.0,0.7282338483505237
23,4,-1.3455862530108118,0.004288251701158257,50000.0,0.6439269876600223
23,5,-1.5269750322680111,0.012063554235470874,50000.0,0.858064395583471
23,6,-0.9775067520433242,0.028556237412882587,50000.0,0.6098742880460942
23,7,-1.3143229602775124,0.06022079105630425,50000.0,0.6138543346756651
23,8,-2.0200022094515617,0.11676015739693518,50000.0,0.5717304078719669
23,9,-2.9243773486669555,0.20157286346504114,-50000.0,0.2779074820257974
23,10,-4.450604508122584,0.2806716528971048,-50000.0,0.23553508971127146
23,11,-4.486105366541248,0.3361178797974205,-50000.0,0.11011634005182358
24,1,-1.7337704546721002,1.570796300956333e-05,50000.0,0.41941260550549486
24,2,-1.9192576207097456,0.00020420347261491215,50000.0,0.6201123487339185
24,3,-1.872099607801377,0.0011466797183787812,50000.0,0.7521574350608045
24,4,-1.3903166482549412,0.004288251701158257,50000.0,0.6707408730143067
24,5,-1.3259136060988757,0.012063554235470874,50000.0,0.7596762215232563
24,6,-1.0447578119763758,0.028556237412882587,50000.0,0.6388662274335872
24,7,-1.3688408273794832,0.06022079105630425,50000.0,0.6478328014316829
24,8,-2.059141922654281,0.11676015739693518,50000.0,0.594603648658164
24,9,-3.62838639928508,0.20031711572339275,-50000.0,0.6441360781257093
24,10,-4.526097031932333,0.27675128534427573,-50000.0,0.30454317885675447
24,11,-4.2070422102012355,0.32930125821430506,-50000.0,0.06208565711087452
25,1,2.4968593940941735,0.0,0.0,0.245
25,2,2.1324494075256477,0.0,0.0,0.4225
25,3,-1.0481334620782676,6.283178692509317e-05,25000.0,1.02
25,4,-0.8477129365512617,0.00039269795203776,25000.0,0.97
25,5,-0.6900696153670123,0.0014765379862166502,25000.0,0.955
25,6,-0.5605271677081577,0.004303911098631093,25000.0,0.9349999999999999
25,7,-0.5068310864704866,0.010665331078269493,25000.0,0.9099999999999999
25,8,-0.6428919752040568,0.0235288655504452,25000.0,0.88
25,9,-1.718971502000689,0.04537452775290518,-25000.0,1.145
25,10,-1.9317576807377306,0.08105118415551366,25000.0,0.825
25,11,-2.990116853903293,0.13737997412423897,25000.0,0.79
25,12,-4.323092021590901,0.22000793077164912,-25000.0,0.75
25,13,-5.56192634550521,0.339502282913014,25000.0,0.705
25,14,-6.467252756664619,0.5097232833442811,25000.0,0.655
25,15,-4.683782379088569,0.7178516306865199,-50000.0,0.605
25,16,-5.444451475692743,0.8640969892129899,-50000.0,0.5549999999999999
26,1,2.6244145856110497,0.0,0.0,0.18122240424156189
26,2,-0.9404636033762831,3.1415918267558146e-05,25000.0,0.985
26,3,-0.826194487265406,0.00026703497970852544,25000.0,0.97
26,4,-0.7790401443124997,0.0008953493762644207,-25000.0,0.95
26,5,-0.7071999398911141,0.002544652284747154,25000.0,0.925
26,6,-0.6854274104240929,0.006502854836494591,25000.0,0.895
26,7,-1.3150803091717802,0.01487427326281341,25000.0,1.13
26,8,-1.1052888310168876,0.030987198509439484,25000.0,0.8400000000000001
26,9,-1.789557452526872,0.0574135221566009,-25000.0,0.8049999999999999
26,10,-2.773484061962048,0.09979712283888742,25000.0,0.7649999999999999
26,11,-4.021804583209441,0.16607605544893764,25000.0,0.72
26,12,-5.387863969390855,0.2670628966095378,25000.0,0.67
26,13,-2.6471696630647883,0.41047921814575106,-25000.0,0.62
26,14,-3.431424320946477,0.61117411489567,25000.0,0.5700000000000001
26,15,-3.6491985051635476,0.8875129044270544,25000.0,0.52
27,1,-1.785744483021023,1.570796300956333e-05,50000.0,0.4453996196799562
27,2,-1.6119351663687906,0.00010995573641600192,50000.0,0.4692522554940102
27,3,-1.4857641563821187,0.0004869467556266996,50000.0,0.576697716579951
27,4,-1.3420605375154657,0.0017435824941285634,50000.0,0.712344038710176
27,5,-1.0520021900349588,0.0052778611486586306,50000.0,0.7862156760652292
27,6,-0.7424616128480221,0.013854313724171098,50000.0,0.805353358618
27,7,-0.5664744476249808,0.03232634252023882,50000.0,0.7528797653675039
27,8,-0.8648576693310265,0.06738429967718114,50000.0,0.7325939000554709
27,9,-1.5259551680231027,0.122044680274604,-50000.0,0.4811325251022884
27,10,-2.6412811925878787,0.17447347621245582,-50000.0,0.2896622631422738
27,11,0.1085241555937914,0.21202262105752215,-50000.0,0.06589736434979679
28,1,-2.0074007756979486,1.570796300956333e-05,50000.0,0.5562277660184191
28,2,-2.117220856415207,0.00020420347261491215,50000.0,0.7224668700528738
28,3,-1.98923485507157,0.0009581849157160303,50000.0,0.8089905671478774
28,4,-1.6334065578579393,0.003157292683133809,50000.0,0.8190128330198794
28,5,-1.0734658925069922,0.008105265218974806,50000.0,0.7323489905022115
28,6,-0.89617158338481,0.017341428507277143,50000.0,0.806408640347013
28,7,-0.5923776529470762,0.03317471793679803,50000.0,0.7511391672775058
28,8,-0.5021308064293408,0.059186199709891696,50000.0,0.7070066861548276
28,9,-0.6804960767281066,0.09625644733501615,-50000.0,0.43919648789761023
28,10,-1.8146485860463553,0.13002420369220763,-50000.0,0.432419770766734
28,11,3.445815712142838,0.15360018294379718,-50000.0,0.20086396074345228
29,1,2.5887717232911034,0.0,0.0,0.19904383540153503
29,2,-0.9473975529660125,3.1415918267558146e-05,25000.0,0.985
29,3,-0.9193973959277618,0.00021991127904283768,25000.0,1.02
29,4,-0.6819622524119535,0.0008796436092681713,25000.0,0.97
29,5,-0.499360153543809,0.002686043666232988,25000.0,0.955
29,6,-0.35489497312538776,0.006927103334854652,25000.0,0.9349999999999999
29,7,-0.3343679808362964,0.015833091306348412,25000.0,0.9099999999999999
29,8,-0.5453279515434991,0.03298447060258269,25000.0,0.88
29,9,-1.1040472604946243,0.06379747178330317,25000.0,0.845
29,10,-2.1302114207617713,0.1137622037497596,-25000.0,0.8049999999999999
29,11,-3.4195512644283137,0.19222100270586231,25000.0,0.7599999999999999
29,12,-4.797415902570827,0.307803107947074,-25000.0,0.71
29,13,-1.7995102715539852,0.4744313958620643,25000.0,0.6599999999999999
29,14,-4.272944849486601,0.6313470426459294,-50000.0,0.61
29,15,-5.985327540194072,0.7184529364793831,-50000.0,0.5599999999999999
30,1,-1.5190790200874258,1.570796300956333e-05,50000.0,0.31206688821315764
30,2,-1.4214075726503281,0.00010995573641600192,50000.0,0.3727693040384502
30,3,-1.4012861144809126,0.0002984512832288791,50000.0,0.5384774791608491
30,4,-0.8922997082151972,0.0002984512832288791,50000.0,0.5279363778316863
30,5,-0.5196018038822443,0.00087964547739428,50000.0,0.6217277845057761
30,6,-0.14078234060213834,0.005497771788971615,50000.0,0.6836890969678849
30,7,0.35563024080871175,0.016985975975644288,-43979.95471954346,0.7322059489400293
30,8,-0.49050318549712135,0.0397861392370365,-50000.0,0.7135630741427256
30,9,-1.3831277860458406,0.07908524376577897,-50000.0,0.6744442401146187
30,10,-2.6208856133489786,0.13601078177043632,-50000.0,0.6604363903229387
30,11,7.552790798753613,0.18598882404295153,-50000.0,0.3562391365798751
31,1,-2.0074007756979486,1.570796300956333e-05,50000.0,0.5562277660184191
31,2,-1.6887489001621554,0.00020420347261491215,50000.0,0.5038587291074392
31,3,-1.7077829156787567,0.0011466797183787812,50000.0,0.6656269261805856
31,4,-1.189755484858663,0.004288251701158257,50000.0,0.5697177658578316
31,5,-1.139916552185774,0.012534766243571924,50000.0,0.6603531835533821
31,6,-0.9043046699623527,0.031006378151726636,50000.0,0.5193017941320853
31,7,-1.3732813519518046,0.06794721981360158,50000.0,0.5083229240671227
31,8,-2.0048161884160036,0.13578954861948375,50000.0,0.30251879508392066
31,9,-3.6517887572201,0.23944140249285217,-50000.0,0.28768419520922006
31,10,-5.082330988944106,0.33720894698452974,-50000.0,0.1541769890089141
31,11,-1.7228805582204048,0.40599911534206157,-50000.0,0.024069542943960624
32,1,2.588862322351162,0.0,0.0,0.19899853587150573
32,2,-0.9431477692116638,3.1415918267558146e-05,25000.0,0.985
32,3,-0.8190191680706123,0.00026703497970852544,25000.0,0.97
32,4,-0.6629849507625373,0.001209506574542368,25000.0,0.95
32,5,-0.5238313566023235,0.003958344755346924,25000.0,0.925
32,6,-0.48839867276372395,0.010555349008259319,25000.0,0.895
32,7,-0.6549655636404963,0.02440816463146242,25000.0,0.86
32,8,-1.2163466050746878,0.04890678336691987,-25000.0,0.8200000000000001
32,9,-2.1496290551153225,0.09035723767976966,25000.0,0.775
32,10,-3.4115625197817123,0.15769076275131533,25000.0,0.725
32,11,-0.9009852480078245,0.2582835496082174,-25000.0,0.675
32,12,-2.173144436996622,0.4049968499437436,25000.0,0.625
32,13,-3.049673723713904,0.6070484531159764,-25000.0,0.575
32,14,-5.021231531562644,0.8648213337313491,-50000.0,0.525
33,1,2.4968593940941735,0.0,0.0,0.245
33,2,-0.9467458071698088,3.1415918267558146e-05,25000.0,0.985
33,3,-0.8223159969366173,0.00026703497970852544,25000.0,0.97
33,4,-0.671719876151827,0.001209506574542368,25000.0,0.95
33,5,-0.5277363328510647,0.003958344755346924,25000.0,0.925
33,6,-0.48073486131848775,0.010555349008259319,25000.0,0.895
33,7,-1.25380976342008,0.022790499015956055,-25000.0,1.13
33,8,-1.19583065754545,0.04427439934479082,25000.0,0.8400000000000001
33,9,-2.0440312535431264,0.07790790216845078,-25000.0,0.8049999999999999
33,10,-3.1811466745654977,0.12657055480366863,-25000.0,0.7649999999999999
33,11,-4.47888258168096,0.19686639242038856,25000.0,0.72
33,12,-5.754863691847463,0.2978532335809887,25000.0,0.67
33,13,-2.8319570434291097,0.441269555117202,25000.0,0.62
33,14,-3.5031927674172514,0.6419644518671208,25000.0,0.5700000000000001
33,15,-1.4419573968719128,0.9143862405044241,3383.68484712646,0.52
34,1,-2.0074007756979486,1.570796300956333e-05,50000.0,0.5562277660184191
34,2,-2.1196147523989026,0.00020420347261491215,50000.0,0.7224668700528738
34,3,-2.0299000544746377,0.0011466797183787812,50000.0,0.8264973609678734
34,4,-1.8008438391804316,0.004288251701158257,50000.0,0.879125203466695
34,5,-1.1921747408634338,0.012534766243571924,50000.0,0.6810127026659051
34,6,-1.6480143190507972,0.030346742186559448,50000.0,0.9085345773657176
34,7,-1.65130198300951,0.064649500779028,50000.0,0.700660570681444
34,8,-1.9784083376925514,0.12571034494561723,50000.0,0.42717531294823735
34,9,-3.4292498602301067,0.21680396991157191,-50000.0,0.38664152631133747
34,10,-4.7718129273864704,0.30123869125439917,-50000.0,0.24539980696436484
34,11,-4.85043514292018,0.3600834880859316,-50000.0,0.01950400982749619
35,1,-2.0074007756979486,1.570796300956333e-05,50000.0,0.5562277660184191
35,2,-1.6772244620196066,0.00010995573641600192,50000.0,0.5022917122674582
35,3,-1.597609746247138,0.0004869467556266996,50000.0,0.6329840977594279
35,4,-1.3903670664100738,0.0017435824941285634,50000.0,0.740162150769861
35,5,-0.8079251394764763,0.0052778611486586306,50000.0,0.6653207532168084
35,6,-0.39842948402564937,0.013854313724171098,50000.0,0.6293964046694791
35,7,-0.35932323023618895,0.03232634252023882,50000.0,0.6501735720755204
35,8,-0.6458901604219704,0.06851505150606246,50000.0,0.6059691220614357
35,9,-1.7095467473097306,0.1269442389055993,-50000.0,0.5130657783275795
35,10,-2.994175975859968,0.18470372944024832,-50000.0,0.3518344075128748
35,11,-0.7946002039865822,0.2270726028698331,-50000.0,0.1335962496801783
36,1,-1.5793955571920892,1.570796300956333e-05,50000.0,0.34222515676548937
36,2,-1.6174814956514443,0.00010995573641600192,50000.0,0.47406285441525564
36,3,-1.6355051933158047,0.0004869467556266996,50000.0,0.6485625954341192
36,4,-1.3785885588480482,0.0017435824941285634,50000.0,0.7350202194289956
36,5,-1.078801767171563,0.0052778611486586306,50000.0,0.8026619501171778
36,6,-0.7028262144666504,0.013854313724171098,50000.0,0.7809754630276253
36,7,-0.49869349886846503,0.03232634252023882,50000.0,0.7196774596937557
36,8,-0.871563360457278,0.06738429967718114,50000.0,0.7343369082057625
36,9,-1.3466560910564045,0.122044680274604,-50000.0,0.39535685430950246
36,10,-2.704382920159668,0.17447347621245582,-50000.0,0.3270543648308098
36,11,0.11452904657635014,0.21202262105752215,-50000.0,0.06310157009910453
37,1,2.4968593940941735,0.0,0.0,0.245
37,2,-0.9443578567494292,3.1415918267558146e-05,25000.0,0.985
37,3,-0.9347774749180872,0.00010995560541454726,-25000.0,0.97
37,4,-0.879189620680715,0.00042411280369249486,25000.0,0.95
37,5,-0.7972586919541684,0.0015236480760143173,25000.0,0.925
37,6,-0.7397921059039626,0.004602250060706769,25000.0,0.895
37,7,-0.7812190257558568,0.011858486815717918,25000.0,0.86
37,8,-1.0589054490129668,0.026934559883691735,25000.0,0.8200000000000001
37,9,-1.7026248096854586,0.055431747223775966,25000.0,0.775
37,10,-2.7874453841724907,0.10550026586672016,25000.0,0.725
37,11,-0.2671786563209714,0.1837391000887551,-25000.0,0.675
37,12,-1.7563174338645202,0.3022383042059109,25000.0,0.625
37,13,-2.904246570286154,0.47642072073369773,25000.0,0.575
37,14,-3.4713361081886984,0.7254500516849802,25000.0,0.525
37,15,-3.486616820485857,1.0625419360972332,-25000.0,0.475
38,1,-1.7038606353075525,1.570796300956333e-05,50000.0,0.404457695823221
38,2,-1.470368741565086,0.00010995573641600192,50000.0,0.40060961873951195
38,3,-1.5263784768939368,0.0002984512832288791,50000.0,0.6038894949015294
38,4,-1.0206915643072472,0.0006126105279170077,50000.0,0.5818707797512164
38,5,-0.404707074233318,0.0008482299730604577,50000.0,0.5715655762117435
38,6,0.1294667569034555,0.00018849555921538754,50000.0,0.6696769818459902
38,7,0.7330554904888241,0.00333008450858983,50000.0,0.7003685636881634
38,8,1.2525277574963871,0.013508790457725817,50000.0,0.6660931679218952
38,9,1.4859821484547557,0.034243017724783095,-50000.0,0.3539355195416629
38,10,0.5050809840614927,0.0582342307274088,-50000.0,0.2994857847265002
38,11,9.358091185614288,0.07795357902229341,-50000.0,0.08141475161157344
39,1,-2.0074007756979486,1.570796300956333e-05,50000.0,0.5562277660184191
39,2,-2.123126972781593,0.00020420347261491215,50000.0,0.7224668700528738
39,3,-1.7759642940498408,0.0011466797183787812,50000.0,0.6985406838060881
39,4,-1.6221561773522284,0.004288251701158257,50000.0,0.7871853363568384
39,5,-1.4569102943505838,0.012534766243571924,50000.0,0.822642540826583
39,6,-1.8599057379518247,0.030346742186559448,50000.0,1.0102350625191847
39,7,-1.540988979725568,0.064649500779028,50000.0,0.6492193681093545
39,8,-2.0564777066496656,0.12571034494561723,50000.0,0.46749021012716163
39,9,-3.3919673702232154,0.21680396991157191,-50000.0,0.3670280535556832
39,10,-4.869238931189924,0.30123869125439917,-50000.0,0.29898373560387737
39,11,-4.99464570574753,0.3600834880859316,-50000.0,0.09397868643760837
40,1,-2.0074007756979486,1.570796300956333e-05,50000.0,0.5562277660184191
40,2,-1.741822878109618,0.00010995573641600192,50000.0,0.5321562917066213
40,3,-1.7179057512514102,0.0004869467556266996,50000.0,0.6918030096663186
40,4,-1.240301899051682,0.0017435824941285634,50000.0,0.6600856077710737
40,5,-0.9716923486284902,0.0052778611486586306,50000.0,0.7480600384969321
40,6,-0.6948257662036007,0.013854313724171098,50000.0,0.777954909182279
40,7,-0.8536254379575469,0.03144676956086476,50000.0,0.904261235164119
40,8,-0.9733439465083843,0.06311238997484427,50000.0,0.8660353942249295
40,9,-1.445532865439787,0.11023447753476882,-50000.0,0.6067033707529722
40,10,-2.2832524301398465,0.15377743819064366,-50000.0,0.36231277879658386
40,11,1.56607832900413,0.18409789661075585,-50000.0,0.141551872752446
41,1,-2.0074007756979486,1.570796300956333e-05,50000.0,0.5562277660184191
41,2,-2.1194368909468,0.00020420347261491215,50000.0,0.7224668700528738
41,3,-2.0244697248674446,0.0011466797183787812,50000.0,0.8283424935938384
41,4,-1.6757146203036226,0.003974098037583223,50000.0,0.8140243419328994
41,5,-1.0251874400987981,0.010335746874309007,50000.0,0.6572339226238686
41,6,-0.8279976527654123,0.022870403823381485,50000.0,0.655290354499539
41,7,-0.898536202361904,0.045740181084627254,50000.0,0.6783182138298707
41,8,-1.2249423791441063,0.08532105805113646,50000.0,0.6381879420913312
41,9,-2.1764459126464004,0.1437517245557295,-50000.0,0.5506806913129793
41,10,-3.16374910735199,0.19796064031040483,-50000.0,0.32286145656034787
41,11,-1.3658845530519519,0.23599872297272895,-50000.0,0.23641449348813967
42,1,-2.0074007756979486,1.570796300956333e-05,50000.0,0.5562277660184191
42,2,-2.031837097870285,0.00020420347261491215,50000.0,0.6776119757724401
42,3,-1.750848530312618,0.0011466797183787812,50000.0,0.6852702546352307
42,4,-1.3491670876408908,0.003974098037583223,50000.0,0.6540308650726829
42,5,-1.104668236356698,0.01080696753302308,50000.0,0.6797404183625968
42,6,-1.056110465931218,0.025320663380256094,50000.0,0.723258959681685
42,7,-1.2105173494260542,0.05346743703589671,50000.0,0.685799368489725
42,8,-1.6067791763336516,0.10435445722238856,50000.0,0.541693176820353
42,9,-2.8926549040256617,0.18162944775578269,-50000.0,0.46550482217404787
42,10,-4.152099796325665,0.25450328636209024,-50000.0,0.29000235342533104
42,11,-3.574200292594632,0.3060691074572293,-50000.0,0.047081192244573224
43,1,-2.0074007756979486,1.570796300956333e-05,50000.0,0.5562277660184191
43,2,-1.7087649123734843,0.00010995573641600192,50000.0,0.5148601532508812
43,3,-1.4122726172418423,0.0002984512832288791,50000.0,0.549875921247567
43,4,-0.8182075038682374,0.0006126105279170077,50000.0,0.48099170188328155
43,5,-0.3368357466083549,0.001319468770328532,50000.0,0.5280020062124724
43,6,0.059884109910049714,0.003298670970053052,50000.0,0.6383952791112849
43,7,0.5594681949269952,0.008576534126362032,50000.0,0.6784511343370584
43,8,0.9900735907289442,0.021017141988363956,50000.0,0.6513398644225655
43,9,0.7042946131015014,0.04426456488833298,-50000.0,0.5739372030898372
43,10,-0.03671755313319277,0.07003299769819235,-50000.0,0.38124690272263034
43,11,8.293020223525323,0.09071508922077165,-50000.0,0.12460497003888513
44,1,-2.0074007756979486,1.570796300956333e-05,50000.0,0.5562277660184191
44,2,-2.1671817839018543,0.00010995573641600192,50000.0,0.7424668700528738
44,3,-2.044475113634904,0.0004869467556266996,50000.0,0.8483424907009001
44,4,-1.5756348225674919,0.0017435824941285634,50000.0,0.8313236501774008
44,5,-1.2187655317214567,0.0052778611486586306,50000.0,0.8729631198710485
44,6,-0.8647161200990351,0.013854313724171098,50000.0,0.8676441655410261
44,7,-0.688530665690507,0.03232634252023882,50000.0,0.8171021013208717
44,8,-0.865926123802611,0.06851505150606246,50000.0,0.7183376406346333
44,9,-1.8430320522625783,0.1269442389055993,-50000.0,0.5830572055113207
44,10,-3.0603681888122902,0.18470372944024832,-50000.0,0.3866351993790313
44,11,-0.8098652660542073,0.2270726028698331,-50000.0,0.13703976627917633
45,1,2.951642625114147,0.0,0.0,0.017608384490013125
45,2,-0.9883625501438048,1.5707962234406433e-05,25000.0,1.005
45,3,-0.9691939354160751,3.1415924468812866e-05,-25000.0,1.0
45,4,-0.8820759813806082,3.1415924468812866e-05,25000.0,0.9900000000000001
45,5,-0.7391694823983268,0.00012566364361427505,25000.0,0.975
45,6,-0.5761418477656112,0.0008953513622104976,25000.0,0.955
45,7,-0.41945752575803175,0.003314346509146824,25000.0,0.9299999999999999
45,8,-0.7281660413117919,0.009094675792056526,25000.0,1.09
45,9,-0.8830686838693147,0.02067058989823206,25000.0,1.105
45,10,-1.2795671147514158,0.04116675080668017,25000.0,1.115
45,11,-1.924795210895948,0.07428776381363378,25000.0,1.12
45,12,-2.3404752788651293,0.12485109987917842,25000.0,0.87
45,13,-3.3750903427520123,0.19914626599706872,25000.0,0.855
45,14,-2.4319968883935768,0.30378528253625536,0.0,0.835
45,15,-7.282517417365861,0.4242484880922136,-50000.0,0.8099999999999999
45,16,-7.645804065428035,0.5116784191760322,-50000.0,0.78
46,1,-1.5212730713160059,1.570796300956333e-05,50000.0,0.3131639138274477
46,2,-1.6257322721205363,0.00010995573641600192,50000.0,0.47331486884332513
46,3,-1.6417077251688839,0.0002984512832288791,50000.0,0.6599648723487297
46,4,-0.9503535105274058,0.0006126105279170077,50000.0,0.5475787532527789
46,5,-0.2672880672831751,0.001319468770328532,50000.0,0.4919916604454132
46,6,0.08569776708893971,0.0026389373375659744,50000.0,0.6325373138340014
46,7,0.7176311872592688,0.00439822876054923,50000.0,0.6903337268995614
46,8,1.5804384238996843,0.005529202041426493,50000.0,0.6791437080847189
46,9,2.1956270928662263,0.0036442460655466535,-50000.0,0.6163387769049403
46,10,2.2886199584644085,0.001687204827471837,-50000.0,0.4811671091944964
46,11,13.43935561646198,0.007938823667837385,-50000.0,0.32275588312396336
47,1,-1.6232510752947351,1.570796300956333e-05,50000.0,0.3641529158168123
47,2,-1.8778424569295242,0.00010995573641600192,50000.0,0.5987713228920871
47,3,-1.6227297702426842,0.0004869467556266996,50000.0,0.6401787222578685
47,4,-1.4824834222713448,0.0014294239935907565,50000.0,0.7893203746120041
47,5,-1.0222516430987665,0.0035499962093180344,50000.0,0.8082846440248725
47,6,-0.5572647835677279,0.008168122520895368,50000.0,0.836838787310373
47,7,-0.19169310510424667,0.0169645240726779,50000.0,0.8685762125992058
47,8,0.4514015271462791,0.03166701420212784,50000.0,0.7211209218263954
47,9,0.3042561285617347,0.051144829071456364,-50000.0,0.6675732878938194
47,10,0.050064837051235024,0.06625099085642347,-50000.0,0.433117024875644
47,11,9.447339380244198,0.07442737227692763,-50000.0,0.23349350452815382
48,1,-2.0074007756979486,1.570796300956333e-05,50000.0,0.5562277660184191
48,2,-1.6353252183069535,0.00020420347261491215,50000.0,0.476601748569071
48,3,-1.674505120618205,0.0011466797183787812,50000.0,0.6453388662982246
48,4,-1.3895060271054278,0.004288251701158257,50000.0,0.6692861392217766
48,5,-1.2969104770073456,0.012534766243571924,50000.0,0.736576496688865
48,6,-1.5317271580470315,0.030346742186559448,50000.0,0.8469288577938008
48,7,-1.5658961774035438,0.064649500779028,50000.0,0.6574960966618778
48,8,-2.2854552434194533,0.12571034494561723,50000.0,0.5853663113687106
48,9,-3.6283869933851385,0.21680396991157191,-50000.0,0.4851846223936293
48,10,-5.041522623416716,0.30123869125439917,-50000.0,0.3806410012600628
48,11,-4.937261515807414,0.3600834880859316,-50000.0,0.05981654610960785
49,1,-1.5894544668467065,1.570796300956333e-05,50000.0,0.347254611592798
49,2,-1.4179428935110092,0.00020420347261491215,50000.0,0.3713700391578161
49,3,-1.600261914475042,0.0009581849157160303,50000.0,0.6170122439104847
49,4,-1.4880789621147703,0.0028431360429692376,50000.0,0.7599591804942092
49,5,-1.1986441300883148,0.0063774146974993045,50000.0,0.8417758422451753
49,6,-0.2997621142769582,0.011655268130259109,50000.0,0.6343675800493815
49,7,0.566435793456971,0.01781276987902889,50000.0,0.4937823659915431
49,8,1.211350252555162,0.022336658537635598,50000.0,0.5335682506614008
49,9,2.217703925765525,0.020451692518096462,-50000.0,0.28163752264951913
49,10,2.209721295176717,0.01156590742899912,-50000.0,0.3093063065750101
49,11,13.975915966523486,0.0009861161062197973,-50000.0,0.17837897570790054
50,1,-2.0050251431734583,1.570796300956333e-05,50000.0,0.5550399497561739
50,2,-1.682622063704244,0.00010995573641600192,50000.0,0.5049434617992375
50,3,-1.6763423886265043,0.0004869467556266996,50000.0,0.6715478123068648
50,4,-1.479383410605336,0.0017435824941285634,50000.0,0.7823711598239932
50,5,-0.9128971024462514,0.0052778611486586306,50000.0,0.7148174708691268
50,6,-0.644745633662395,0.013854313724171098,50000.0,0.7540843918404139
50,7,-0.4833395175854456,0.03232634252023882,50000.0,0.7149240896934775
50,8,-0.7333343872267865,0.06851505150606246,50000.0,0.6495561576297144
50,9,-1.7673476591521973,0.1269442389055993,-50000.0,0.5402150089561302
50,10,-3.1414758745662046,0.18470372944024832,-50000.0,0.42848047076236273
50,11,-0.8815972435998328,0.2270726028698331,-50000.0,0.17387809843720886
51,1,2.5542341993061943,0.0,0.0,0.21631259739398956
51,2,-0.9443987324227233,3.1415918267558146e-05,25000.0,0.985
51,3,-0.9217842889617432,0.00021991127904283768,25000.0,1.02
51,4,-0.6799041177369276,0.0008796436092681713,25000.0,0.97
51,5,-0.497955461013177,0.002686043666232988,25000.0,0.955
51,6,-0.35906972655289326,0.006927103334854652,25000.0,0.9349999999999999
51,7,-0.3389590494617465,0.015833091306348412,25000.0,0.9099999999999999
51,8,-0.5453610231806527,0.03298447060258269,25000.0,0.88
51,9,-1.1155086525396454,0.06379747178330317,25000.0,0.845
51,10,-2.127238498436637,0.1137622037497596,-25000.0,0.8049999999999999
51,11,-3.4128664902679287,0.19222100270586231,25000.0,0.7599999999999999
51,12,-5.8720236270932995,0.31084919545656975,25000.0,1.28
51,13,-5.721708996015973,0.4798699124531924,-25000.0,0.6749999999999998
51,14,-8.24698008330392,0.6286803380359808,-50000.0,0.6249999999999999
51,15,-6.063818856124266,0.7055770457567059,-50000.0,0.575
52,1,-2.0074007756979486,1.570796300956333e-05,50000.0,0.5562277660184191
52,2,-2.116861898071003,0.00020420347261491215,50000.0,0.7197454530527078
52,3,-2.0364963720595926,0.0011466797183787812,50000.0,0.8293558171899125
52,4,-1.7216046671572958,0.003974098037583223,50000.0,0.8407038234486108
52,5,-1.3753608198510727,0.01080696753302308,50000.0,0.8160110783124704
52,6,-1.2512280095001977,0.025320663380256094,50000.0,0.8211110813878782
52,7,-1.3723717259898711,0.05258796339121124,50000.0,0.7812380939688894
52,8,-1.454743351402029,0.10008333124219333,50000.0,0.5273912997036049
52,9,-2.63224257029021,0.16982155996348103,-50000.0,0.4741337341566769
52,10,-4.0122967372382465,0.23380908141760734,-50000.0,0.40816163567733266
52,11,-2.684262302323193,0.2781298125895321,-50000.0,0.05701436883821098
53,1,-1.8963845320017358,1.570796300956333e-05,50000.0,0.5007196441703127
53,2,-1.887050983124922,0.00020420347261491215,50000.0,0.6070135674642995
53,3,-1.6925578779798904,0.0011466797183787812,50000.0,0.6610127999130923
53,4,-1.2941847780872326,0.003974098037583223,50000.0,0.6298773808605054
53,5,-0.5830467587346164,0.01080696753302308,50000.0,0.4270355118898891
53,6,-0.678768650843643,0.025320663380256094,50000.0,0.5255058009467583
53,7,-0.9753646006972313,0.05346743703589671,50000.0,0.5713983585600326
53,8,-1.5524834151450289,0.10435445722238856,50000.0,0.5099678910713366
53,9,-2.7115834528310816,0.18162944775578269,-50000.0,0.38022908726889654
53,10,-4.1088205636264465,0.25450328636209024,-50000.0,0.2670832345646974
53,11,-1.0144717341982294,0.30592101646585246,-50000.0,0.0
54,1,2.872369550248806,0.0,0.0,0.05724492192268372
54,2,-0.9453030284632583,3.1415918267558146e-05,25000.0,0.985
54,3,-0.8130754280603507,0.00026703497970852544,25000.0,0.97
54,4,-0.8460390678285725,0.0011152604754698578,25000.0,1.04
54,5,-0.709737104790163,0.003235810087711786,25000.0,1.045
54,6,-0.5997363896418711,0.007476869756333451,25000.0,1.045
54,7,-0.5279461449147523,0.014733717679949958,25000.0,1.04
54,8,-0.507872217526592,0.025728839798224434,25000.0,1.03
54,9,-2.6704758021467487,0.03946481896814428,-50000.0,1.0183744764328004
54,10,-2.909148850887986,0.05416681863608798,-50000.0,0.9992489528656006
54,11,-3.17079012550521,0.06753383010281667,-50000.0,0.9726234292984008
54,12,-0.4625993596235176,0.07784142329078063,15020.942687988281,0.9400000000000001
54,13,-3.0415691954125044,0.08281317264427326,50000.0,0.905123429298401
54,14,-0.4758736917578138,0.07858133893575983,-22531.414031982422,0.8650000000000001
54,15,0.6746499410864336,0.06027856115194938,23765.70701599121,0.8200000000000001
54,16,100.0,0.03235538890336146,-50000.0,0.77
55,1,-1.658279175308468,1.570796300956333e-05,50000.0,0.38166696582367876
55,2,-1.3767414173991512,0.00020420347261491215,50000.0,0.34806454871627085
55,3,-1.5640646692616311,0.0009581849157160303,50000.0,0.5996653780314747
55,4,-1.4036685352609304,0.003157292683133809,50000.0,0.6971521182110905
55,5,-0.7140799601688086,0.00857649285402826,50000.0,0.5359257997517375
55,6,-0.7558732608090956,0.01979176536118817,50000.0,0.6827913528849936
55,7,-0.5125802042759857,0.04002291785137214,50000.0,0.5857686117249101
55,8,-0.1587523647222255,0.07395010933910685,50000.0,0.2830216383492954
55,9,-1.2294300533472595,0.12232925166300812,-50000.0,0.34699385112217096
55,10,-2.446410744048798,0.1658734939951122,-50000.0,0.311542953477149
55,11,0.7905906899086103,0.19571485675206035,-50000.0,0.20067825293103728
56,1,-2.0074007756979486,1.570796300956333e-05,50000.0,0.5562277660184191
56,2,-2.1213471882213897,0.00020420347261491215,50000.0,0.7224668700528738
56,3,-1.7339565791089993,0.0011466797183787812,50000.0,0.6786796300642479
56,4,-1.5921176703864262,0.004288251701158257,50000.0,0.7703188663870064
56,5,-1.216365999462486,0.012063554235470874,50000.0,0.7044181411950975
56,6,-1.0489317808285714,0.028556237412882587,50000.0,0.6448110563316164
56,7,-1.3810786828607473,0.06022079105630425,50000.0,0.6519980805455106
56,8,-1.762385954677829,0.11676015739693518,50000.0,0.442677741105027
56,9,-3.1616226826633547,0.20157286346504114,-50000.0,0.40006322209166195
56,10,-4.514514797846895,0.2806716528971048,-50000.0,0.26651011784845885
56,11,-4.495905723832827,0.3361178797974205,-50000.0,0.11271595822321744
57,1,-2.0074007756979486,1.570796300956333e-05,50000.0,0.5562277660184191
57,2,-1.9237253062595674,0.00020420347261491215,50000.0,0.6237446505857107
57,3,-1.8814557248221084,0.0011466797183787812,50000.0,0.754861049181827
57,4,-1.4372275184114174,0.003974098037583223,50000.0,0.6960551585576739
57,5,-1.337669670719597,0.010335746874309007,50000.0,0.8105148489493971
57,6,-1.0574692258715255,0.022870403823381485,50000.0,0.7653570416024843
57,7,-1.0537885022920346,0.045740181084627254,50000.0,0.7554367780906094
57,8,-0.8879648153945747,0.08532105805113646,50000.0,0.4651635996086552
57,9,-1.8384210485889096,0.1437517245557295,-50000.0,0.3769673333379979
57,10,-3.215461850821001,0.19796064031040483,-50000.0,0.3464708804102938
57,11,-1.0457272625650516,0.23599872297272895,-50000.0,0.07506102425124506
58,1,-2.0074007756979486,1.570796300956333e-05,50000.0,0.5562277660184191
58,2,-1.9482834892339123,0.00010995573641600192,50000.0,0.6302084625293694
58,3,-1.5633451667917733,0.0004869467556266996,50000.0,0.613653741618343
58,4,-1.1735677795444697,0.0014294239935907565,50000.0,0.6384632558323564
58,5,-0.8597228780364672,0.0035499962093180344,50000.0,0.7302757846389216
58,6,-0.4459063278027875,0.008168122520895368,50000.0,0.7808229210368849
58,7,0.27200802113960715,0.0169645240726779,50000.0,0.6442717706573364
58,8,0.6429924528248993,0.03279794685262476,50000.0,0.5979443854579237
58,9,0.4231882522037135,0.05730209824881835,-50000.0,0.49233885568514335
58,10,-0.41941831682529385,0.08129391758047805,-50000.0,0.41045652280140804
58,11,7.522834754213193,0.09909078467561605,-50000.0,0.20258261881528103
59,1,-1.5321180768282434,1.570796300956333e-05,50000.0,0.31858641658356646
59,2,-1.771156755172423,0.00020420347261491215,50000.0,0.5446819924427847
59,3,-1.43272412120852,0.0009581849157160303,50000.0,0.5290198783774968
59,4,-1.371088551258615,0.0028431360429692376,50000.0,0.6962381351532402
59,5,-1.1028424951894467,0.0063774146974993045,50000.0,0.7951513733269874
59,6,-0.6965258851037098,0.011655268130259109,50000.0,0.8358663023086321
59,7,-0.09357083806513199,0.01781276987902889,50000.0,0.8227967873496138
59,8,0.9379555656396653,0.022336658537635598,50000.0,0.6724110823813256
59,9,1.844319742294911,0.020451692518096462,-50000.0,0.4744161054331619
59,10,2.0390266415835314,0.01156590742899912,-50000.0,0.4017394907629603
59,11,14.041552469307291,0.0009861161062197973,-50000.0,0.14704677510058564
60,1,-2.0074007756979486,1.570796300956333e-05,50000.0,0.5562277660184191
60,2,-2.1181759600509946,0.00020420347261491215,50000.0,0.7224668700528738
60,3,-1.7606124116380673,0.0011466797183787812,50000.0,0.6886570303671349
60,4,-1.603433197204007,0.004288251701158257,50000.0,0.777663075866468
60,5,-1.3640567519818856,0.012534766243571924,50000.0,0.7750798258122206
60,6,-1.1636415171782477,0.031006378151726636,50000.0,0.6509339782948234
60,7,-1.3723177489192258,0.06794721981360158,50000.0,0.5127753673027635
60,8,-2.355122994087724,0.13578954861948375,50000.0,0.48024905900328824
60,9,-3.875361054858511,0.23944140249285217,-50000.0,0.39840272947306643
60,10,-5.2439048402163815,0.33720894698452974,-50000.0,0.23183274377617824
60,11,-1.7733835528297461,0.40599911534206157,-50000.0,0.05002153876995946
61,1,-1.9345427699358486,1.570796300956333e-05,50000.0,0.519798763137369
61,2,-2.0526778341638043,0.00020420347261491215,50000.0,0.6870478799294653
61,3,-1.9788754433168603,0.0011466797183787812,50000.0,0.8019792435784909
61,4,-1.769728640690371,0.004288251701158257,50000.0,0.8635676042216647
61,5,-1.5784279263131198,0.012534766243571924,50000.0,0.8784013568078509
61,6,-1.5409376024826231,0.031006378151726636,50000.0,0.8451163125124294
61,7,-1.90798003245014,0.06794721981360158,50000.0,0.7763581474806961
61,8,-2.721448339594528,0.13578954861948375,50000.0,0.6613271996746095
61,9,-4.101699135096022,0.23944140249285217,-50000.0,0.5112068511810438
61,10,-5.245250244750516,0.33720894698452974,-50000.0,0.23411575671695875
61,11,-1.6901085987589919,0.40599911534206157,-50000.0,0.005719109307433953
62,1,-1.852794910219433,1.570796300956333e-05,50000.0,0.47892483327916124
62,2,-1.7772320715629695,0.00020420347261491215,50000.0,0.5517610616206667
62,3,-1.5218579011310813,0.0009581849157160303,50000.0,0.5796060423351306
62,4,-1.3635454516417624,0.003157292683133809,50000.0,0.6824386988194333
62,5,-1.1497530185861857,0.00857649285402826,50000.0,0.761577706970699
62,6,-0.9863826903770821,0.020451459926168924,50000.0,0.7848427715957083
62,7,-1.0087575766630759,0.04420076118348562,50000.0,0.7560955366200333
62,8,-1.396195213441225,0.08830430794523089,50000.0,0.6740081355809857
62,9,-2.505092064391451,0.1567847860002587,-50000.0,0.5516849343176778
62,10,-3.8225883307526476,0.2225453116697943,-50000.0,0.3965528257568816
62,11,-2.533548978410099,0.2697512555687537,-50000.0,0.11594465289718987
63,1,-2.0074007756979486,1.570796300956333e-05,50000.0,0.5562277660184191
63,2,-2.119099232422287,0.00020420347261491215,50000.0,0.7220032353234884
63,3,-2.1204780818820863,0.0009581849157160303,50000.0,0.8697559117895937
63,4,-1.8017981084963017,0.003157292683133809,50000.0,0.8985776603319537
63,5,-1.1393583384123895,0.008105265218974806,50000.0,0.7630062362491568
63,6,-0.8048264074660311,0.018001135573776014,50000.0,0.7484227246380635
63,7,-0.5979141841843361,0.036473164369843734,50000.0,0.6952691648859428
63,8,-0.5221053467117326,0.06926957679445296,50000.0,0.5396453749481356
63,9,-1.1097411901380716,0.1189046820773973,-50000.0,0.33491693936731065
63,10,-2.528790103239496,0.1660021088109566,-50000.0,0.3404017223251525
63,11,0.7581992660544784,0.19969460794063415,-50000.0,0.0830968042237996
64,1,-1.5467643089563867,1.570796300956333e-05,50000.0,0.3259095326476381
64,2,-1.81862360131083,0.00010995573641600192,50000.0,0.570160581485776
64,3,-1.7743607123491452,0.0002984512832288791,50000.0,0.7300905634636463
64,4,-1.1576833246877456,0.0002984512832288791,50000.0,0.6645671536535243
64,5,-0.7803126924814011,0.00087964547739428,50000.0,0.7539314377096209
64,6,-0.34654652979388356,0.005497771788971615,50000.0,0.7849899611021601
64,7,-0.010848957619524693,0.017812656173374727,50000.0,0.7621824983398109
64,8,0.21713027223778356,0.04495498799824155,50000.0,0.5757816294388796
64,9,-0.3284674387979415,0.09207610785651718,-50000.0,0.296345007320312
64,10,-1.9225874921101875,0.1409473476837429,-50000.0,0.30343705196200055
64,11,1.9159945801167464,0.178003888489645,-50000.0,0.11343441877114992
65,1,2.9149057791439934,0.0,0.0,0.03597680747509003
65,2,-0.9847842925830749,1.5707962234406433e-05,25000.0,1.005
65,3,-0.845672663815028,6.283184893762573e-05,25000.0,1.0
65,4,-0.6364637635132725,6.283184893762573e-05,25000.0,0.9900000000000001
65,5,-0.3856058400874577,0.00032986707127009407,25000.0,0.975
65,6,-0.13397549915352,0.001979197896833428,25000.0,0.955
65,7,0.05778281747959047,0.006597279540984595,25000.0,0.9299999999999999
65,8,0.0718263204943013,0.01715263080621058,25000.0,0.9
65,9,-0.22094258648765783,0.03835641915645972,25000.0,0.8650000000000001
65,10,-1.0082284169731746,0.07549835863401741,-25000.0,0.825
65,11,-2.1974008082331924,0.13715946904294557,25000.0,0.78
65,12,-3.6211143475795455,0.2351074190373992,25000.0,0.73
65,13,-0.7895011097029591,0.38446530762228137,25000.0,0.6799999999999999
65,14,-3.5447672211599333,0.5133790256804452,-50000.0,0.63
65,15,-5.56412573066477,0.5780777671816886,-50000.0,0.58
66,1,-2.0074007756979486,1.570796300956333e-05,50000.0,0.5562277660184191
66,2,-1.6684220038523028,0.00020420347261491215,50000.0,0.4934878636432287
66,3,-1.6719765010928833,0.0009581849157160303,50000.0,0.6546196905225516
66,4,-1.2355978091435051,0.003157292683133809,50000.0,0.6166049053913687
66,5,-0.9017840878161303,0.00857649285402826,50000.0,0.6385860314502114
66,6,-0.8127502529740382,0.020451459926168924,50000.0,0.6965259779477828
66,7,-0.88499878622753,0.04420076118348562,50000.0,0.6942161414022603
66,8,-1.3228859165442293,0.08830430794523089,50000.0,0.6323534871324878
66,9,-2.1656784907214695,0.1567847860002587,-50000.0,0.3790442599413929
66,10,-3.487086098278646,0.2225453116697943,-50000.0,0.22872672121431217
66,11,-2.3157836429513945,0.2697512555687537,-50000.0,0.007788542094803735
67,1,-1.6299532897741815,1.570796300956333e-05,50000.0,0.3675040230565355
67,2,-1.8201937466806928,0.00020420347261491215,50000.0,0.5701957278123599
67,3,-1.626129374371496,0.0011466797183787812,50000.0,0.6274378991788222
67,4,-1.3649500097062264,0.003974098037583223,50000.0,0.6654014697844928
67,5,-0.9788411078759468,0.010335746874309007,50000.0,0.6351507774968541
67,6,-0.7997016219423547,0.022870403823381485,50000.0,0.639433074124145
67,7,-0.8308321934305728,0.045740181084627254,50000.0,0.6389000552418524
67,8,-0.9434756281617666,0.08532105805113646,50000.0,0.5002482193134601
67,9,-2.0121035165252583,0.1437517245557295,-50000.0,0.46476042248882
67,10,-3.094236569940928,0.19796064031040483,-50000.0,0.2879793538070226
67,11,-1.231097676018958,0.23599872297272895,-50000.0,0.1714981813911873
68,1,-1.961021835354092,1.570796300956333e-05,50000.0,0.5330382958464907
68,2,-2.08819638838229,0.00020420347261491215,50000.0,0.7024908466329767
68,3,-1.9269182123807271,0.0009581849157160303,50000.0,0.7780402934308588
68,4,-1.7078617635156588,0.0028431360429692376,50000.0,0.8719791465060853
68,5,-1.3462073108964006,0.0063774146974993045,50000.0,0.9168337811804643
68,6,-0.7647670928661994,0.011655268130259109,50000.0,0.8684688560556949
68,7,-0.13466107420543988,0.01781276987902889,50000.0,0.8456397649096855
68,8,0.5777837784245236,0.023467627353612103,50000.0,0.8204199922179856
68,9,1.6476281933936046,0.0253525941265982,-50000.0,0.47461436978741917
68,10,1.7219237363382087,0.02268684104024692,-50000.0,0.3693624866410881
68,11,13.033537040187497,0.018839616200251447,-50000.0,0.27744362651739696
69,1,-1.9192264027864956,1.570796300956333e-05,50000.0,0.5121405795626924
69,2,-2.100075596388661,0.00010995573641600192,50000.0,0.706941467243333
69,3,-1.859726290798899,0.0004869467556266996,50000.0,0.7552197668096003
69,4,-1.5959650899769782,0.0017435824941285634,50000.0,0.8442702745656996
69,5,-1.2343990592642453,0.0052778611486586306,50000.0,0.8824141106798725
69,6,-0.6875147674734721,0.013854313724171098,50000.0,0.7770968125567396
69,7,-0.534447088862216,0.03144676956086476,50000.0,0.7496979779080949
69,8,-0.4856651586501377,0.06424318198547399,50000.0,0.5919907030088816
69,9,-1.0333703610347564,0.11513438177658837,-50000.0,0.337485843216534
69,10,-2.3397922832167835,0.16400844041459095,-50000.0,0.26326935055701706
69,11,0.7038134967634467,0.19914581914177557,-50000.0,0.11936650012788981
70,1,2.6965396032540245,0.0,0.0,0.14515989542007446
70,2,-0.9423832800377746,3.1415918267558146e-05,25000.0,0.985
70,3,-0.9233165741752137,0.00021991127904283768,25000.0,1.02
70,4,-0.7717441266901145,0.0007853966172187998,25000.0,1.02
70,5,-0.5102479149710815,0.002120567147760292,25000.0,0.975
70,6,-0.30455891274535096,0.004947973746644203,25000.0,0.9650000000000001
70,7,-0.4300884124339206,0.009723114146091262,-25000.0,1.04
70,8,-0.2694994528886342,0.01763969791583457,25000.0,0.95
70,9,-0.5989070118618748,0.030126951706670783,25000.0,1.055
70,10,-0.6297037947688062,0.04930500061688056,25000.0,0.9349999999999999
70,11,-1.0654877867864192,0.07828298747721493,25000.0,0.92
70,12,-1.7297940883423617,0.12153531527274711,25000.0,0.9
70,13,-2.670723735989028,0.18336116050927656,-25000.0,0.875
70,14,-5.404667581430063,0.2594658411807473,-50000.0,0.845
70,15,-4.114994032812429,0.31521427942893343,-50000.0,0.8099999999999999
71,1,2.644159786483471,0.0,0.0,0.17134980380535125
71,2,-0.9830421400113966,1.5707962234406433e-05,25000.0,1.005
71,3,-0.8573544362855022,6.283184893762573e-05,25000.0,1.0
71,4,-0.7507076210704297,6.283184893762573e-05,-25000.0,0.9900000000000001
71,5,-0.6267572960659761,0.0001727875031870061,25000.0,0.975
71,6,-0.46315290679919396,0.0011623859985250065,25000.0,0.955
71,7,-0.4327960857458234,0.0035813811454613324,-25000.0,0.9299999999999999
71,8,-0.5325493407227524,0.008105103116272468,-25000.0,0.9
71,9,-0.7202541340700281,0.01635102080803602,25000.0,0.8650000000000001
71,10,-1.8269172613240625,0.029072030009408775,-25000.0,1.1649999999999998
71,11,-1.7539506035315888,0.048825528693821785,25000.0,0.8
71,12,-2.5596288963260982,0.07959368514719539,25000.0,0.7599999999999999
71,13,-4.772069565976556,0.12291844061464008,-25000.0,1.275
71,14,-4.904376958234683,0.18447225260401726,25000.0,0.685
71,15,-6.144471697730893,0.2721744056971085,25000.0,0.64
71,16,-7.269634415150264,0.39669719668334197,25000.0,0.59
71,17,-4.144902612682092,0.5629691027098542,-25000.0,0.54
71,18,-4.6039419323132735,0.7849323384653577,25000.0,0.49
72,1,-2.0074007756979486,1.570796300956333e-05,50000.0,0.5562277660184191
72,2,-2.1447407960764604,0.00010995573641600192,50000.0,0.7314663858247396
72,3,-2.0225812399825673,0.0004869467556266996,50000.0,0.8401545521495348
72,4,-1.7186186359945277,0.0017435824941285634,50000.0,0.906988772518589
72,5,-1.3259676303323507,0.0052778611486586306,50000.0,0.9281983962139252
72,6,-0.9440417989447639,0.013854313724171098,50000.0,0.9073070049638905
72,7,-0.3623748989346878,0.03232634252023882,50000.0,0.6461022081172556
72,8,-0.6515518007617072,0.06851505150606246,50000.0,0.603228469288475
72,9,-1.6407941149263183,0.1269442389055993,-50000.0,0.48133781928881214
72,10,-3.090212495267154,0.18470372944024832,-50000.0,0.397248363558459
72,11,-0.777789924616262,0.2270726028698331,-50000.0,0.12295562214649813
73,1,-2.0074007756979486,1.570796300956333e-05,50000.0,0.5562277660184191
73,2,-1.7124716977943728,0.00020420347261491215,50000.0,0.515962197287142
73,3,-1.5161086698556927,0.0009581849157160303,50000.0,0.5781012219006452
73,4,-1.3561578987187903,0.003157292683133809,50000.0,0.6813274923743313
73,5,-0.8178177239419983,0.008105265218974806,50000.0,0.6044676708595689
73,6,-0.7152793199358881,0.017341428507277143,50000.0,0.7145807516612064
73,7,-0.1099897907656633,0.03317471793679803,50000.0,0.515857006351766
73,8,-0.19304154568344403,0.059186199709891696,50000.0,0.5486260778699301
73,9,-0.835519329289252,0.09625644733501615,-50000.0,0.5199684846711181
73,10,-1.627308524519117,0.13002420369220763,-50000.0,0.33822656828022596
73,11,3.5681982289454344,0.15360018294379718,-50000.0,0.1416550565658826
74,1,-1.7947472579748651,1.570796300956333e-05,50000.0,0.4499010071568773
74,2,-1.9678018307431244,0.00020420347261491215,50000.0,0.6406308220396015
74,3,-1.7968713145636126,0.0011466797183787812,50000.0,0.7083064551079532
74,4,-1.5109436052615652,0.004288251701158257,50000.0,0.734143320509852
74,5,-1.363099889582726,0.012063554235470874,50000.0,0.7804418837238797
74,6,-1.4412734194125003,0.027896581133309853,50000.0,0.8594015948806716
74,7,-0.9161762979609461,0.05692281732173546,50000.0,0.4783170691294245
74,8,-1.5793880083815586,0.10667930622402336,50000.0,0.49702480507710806
74,9,-2.782625520462736,0.17893069281987875,-50000.0,0.45522105218120107
74,10,-4.168401721175358,0.244697406843636,-50000.0,0.3981374050092256
74,11,-3.245421123385463,0.28998824403607676,-50000.0,0.14518496371251197
75,1,-2.0074007756979486,1.570796300956333e-05,50000.0,0.5562277660184191
75,2,-2.121263468629551,0.00020420347261491215,50000.0,0.7197454530527078
75,3,-1.8173719666755292,0.0011466797183787812,50000.0,0.717820178619127
75,4,-1.6498986944831775,0.004288251701158257,50000.0,0.8014219183466522
75,5,-1.4869504631154675,0.012534766243571924,50000.0,0.8330352010285171
75,6,-1.2532798628468982,0.031006378151726636,50000.0,0.6994694292053205
75,7,-2.224105838103759,0.06706787291125386,50000.0,0.9443095693523015
75,8,-2.299685770255791,0.13151957389775815,50000.0,0.5047146432651389
75,9,-3.717771632658002,0.227637372667224,-50000.0,0.4311787042147571
75,10,-4.924637244182709,0.3165184359586587,-50000.0,0.21885498595587013
75,11,-5.206777554643759,0.37827774772905143,-50000.0,0.020327430895789977
76,1,2.4968593940941735,0.0,0.0,0.245
76,2,-0.9486162104596038,3.1415918267558146e-05,25000.0,0.985
76,3,-1.0335710356941101,9.42477051926513e-05,-25000.0,1.02
76,4,-0.8977051117214394,0.00031415848193442925,25000.0,0.97
76,5,-0.8962184971819142,0.0006754384933273926,-25000.0,0.955
76,6,-0.961706899737306,0.0009581758045688369,-25000.0,0.9349999999999999
76,7,2.3861775450174987,0.0009581758045688369,0.0,0.2046341331814149
76,8,0.011158449762013684,0.0009581758045688369,25000.0,0.35097559988606114
76,9,-1.0334353188001428,0.0018140925040332945,25000.0,0.845
76,10,-1.0849469465269534,0.0053000040365767664,25000.0,0.8049999999999999
76,11,-1.3232754070524575,0.01145363532725149,-25000.0,0.7599999999999999
76,12,-1.7030127201987453,0.023410404834963046,25000.0,0.71
76,13,1.6281135573695693,0.04613244409609808,25000.0,0.6599999999999999
76,14,0.5767570547708588,0.08059908332628175,-25000.0,0.61
76,15,-0.7398502693968357,0.13404753604067388,25000.0,0.5599999999999999
76,16,-2.2521843448562264,0.21642417205860692,25000.0,0.5099999999999999
76,17,-3.7319117615659496,0.34079856679306303,25000.0,0.45999999999999996
76,18,-4.850455815953976,0.5237447650413815,25000.0,0.4099999999999999
76,19,-12.029393608124181,0.7708700186798787,-25000.0,1.635
77,1,-2.0074007756979486,1.570796300956333e-05,50000.0,0.5562277660184191
77,2,-1.968875755535538,0.00020420347261491215,50000.0,0.6467805940938589
77,3,-1.673027184068277,0.0011466797183787812,50000.0,0.6466616825887095
77,4,-1.543210347697807,0.004288251701158257,50000.0,0.7429833046725758
77,5,-1.3950651254765634,0.012534766243571924,50000.0,0.7903751963292623
77,6,-1.3734583321470013,0.030346742186559448,50000.0,0.7675973549332785
77,7,-1.255009454835347,0.064649500779028,50000.0,0.5051012015237717
77,8,-2.1178336381980785,0.12571034494561723,50000.0,0.4952563385023621
77,9,-3.4648405173791197,0.21680396991157191,-50000.0,0.40353815691354633
77,10,-4.860765153420047,0.30123869125439917,-50000.0,0.29375988708272727
77,11,-4.904929926474654,0.3600834880859316,-50000.0,0.04886884439142666
78,1,-2.0074007756979486,1.570796300956333e-05,50000.0,0.5562277660184191
78,2,-1.6999625269238472,0.00020420347261491215,50000.0,0.5045334655572854
78,3,-1.812010868594292,0.0009581849157160303,50000.0,0.7182957751302277
78,4,-1.1738867153735852,0.003157292683133809,50000.0,0.5862335675670777
78,5,-1.1530861832597663,0.008105265218974806,50000.0,0.7713482826357244
78,6,-0.5341784667999274,0.017341428507277143,50000.0,0.6245592286967798
78,7,0.06366101315240891,0.032295125183490356,50000.0,0.44922744909762446
78,8,0.04083139433602289,0.05378310852475745,50000.0,0.5266532824761384
78,9,-0.29516333844980547,0.0782877481233574,-50000.0,0.5326802639813434
78,10,-0.4900485776907383,0.09428319855629651,-50000.0,0.2903578422823741
78,11,7.469000430669681,0.10101746251636318,-50000.0,0.211392810380793
79,1,-2.0074007756979486,1.570796300956333e-05,50000.0,0.5562277660184191
79,2,-2.1216005246509857,0.00020420347261491215,50000.0,0.7224668700528738
79,3,-2.0307794596155144,0.0011466797183787812,50000.0,0.8264973609678734
79,4,-1.7188780232309628,0.003974098037583223,50000.0,0.8369181860071195
79,5,-1.3717046948273561,0.01080696753302308,50000.0,0.8132475751410891
79,6,-1.2547881260402491,0.025320663380256094,50000.0,0.8191266876177085
79,7,-0.9352641250443011,0.05346743703589671,50000.0,0.5432316573107923
79,8,-1.5953522653754755,0.10435445722238856,50000.0,0.5274533728696235
79,9,-2.871645466674431,0.18162944775578269,-50000.0,0.45663473614547007
79,10,-4.08493646073452,0.25450328636209024,-50000.0,0.25192365763655594
79,11,-3.5096031491060056,0.3055879000469867,-50000.0,0.02006632569527115
80,1,-2.0074007756979486,1.570796300956333e-05,50000.0,0.5562277660184191
80,2,-2.117220856415207,0.00020420347261491215,50000.0,0.7224668700528738
80,3,-1.6081653769214612,0.0011466797183787812,50000.0,0.6108779310219277
80,4,-1.1950176808407709,0.004288251701158257,50000.0,0.5748117230026332
80,5,-1.0068456932361607,0.012534766243571924,50000.0,0.5961144867426837
80,6,-1.1638116731157084,0.031006378151726636,50000.0,0.6510562427073595
80,7,-1.6274664014941775,0.06794721981360158,50000.0,0.6403885081349171
80,8,-2.3699986280395353,0.13578954861948375,50000.0,0.48898615471530826
80,9,-3.567062507069399,0.23944140249285217,-50000.0,0.24737532126826484
80,10,-5.047919877584977,0.33720894698452974,-50000.0,0.13892740176892868
80,11,-5.797445425498675,0.40575838826971145,-50000.0,0.06371816217408417
81,1,-2.0074007756979486,1.570796300956333e-05,50000.0,0.5562277660184191
81,2,-1.6882157276934995,0.00010995573641600192,50000.0,0.5044721663524591
81,3,-1.6885178940492345,0.0004869467556266996,50000.0,0.6732823263760142
81,4,-1.1350835473990626,0.0017435824941285634,50000.0,0.6066795163540009
81,5,-0.6055705963206149,0.0052778611486586306,50000.0,0.5663089076547316
81,6,-0.15305267733388322,0.01319459962553358,50000.0,0.5207984984774312
81,7,0.17766387173290668,0.029027889055054462,50000.0,0.44377691528516994
81,8,-0.05797951679684162,0.05843188839094187,50000.0,0.4835679869374622
81,9,-0.9643675563461706,0.10429724020997365,-50000.0,0.45813426627145604
81,10,-2.11837275811298,0.1487276812993323,-50000.0,0.3331074802481538
81,11,1.609309666218292,0.18097152500699526,-50000.0,0.20476033483872838
82,1,2.702639542600338,0.0,0.0,0.14210992574691772
82,2,-0.9484734597195524,3.1415918267558146e-05,25000.0,0.985
82,3,-0.8185121018207648,0.00026703497970852544,25000.0,0.97
82,4,-0.6655280306155951,0.001209506574542368,25000.0,0.95
82,5,-0.8032726190357304,0.003801274085979907,25000.0,1.065
82,6,-0.7738583379715802,0.009455926549493827,25000.0,1.075
82,7,-0.6318077781311635,0.01930411382770966,-25000.0,0.9099999999999999
82,8,-0.9374469364720214,0.03588961012847229,25000.0,0.89
82,9,-1.548530470476029,0.061173929737287275,-25000.0,0.8649999999999999
82,10,-2.3863212039966615,0.09951895659526548,25000.0,0.835
82,11,-4.208408531889859,0.15645932275251986,25000.0,1.19
82,12,-4.615721965901619,0.23948216041780956,25000.0,0.78
82,13,-5.669933709212035,0.35850374511557626,25000.0,0.745
82,14,-6.43982785482732,0.5210857553853476,-25000.0,0.705
82,15,-8.546210789501563,0.6799894302091833,-50000.0,0.6599999999999999
82,16,-10.219170182242756,0.7649999300198361,-50000.0,0.61
83,1,2.4974231348244595,0.0,0.0,0.24471812963485715
83,2,-0.9472564663876434,3.1415918267558146e-05,25000.0,0.985
83,3,-0.9133671803067672,0.00021991127904283768,25000.0,1.02
83,4,-0.7983552382979616,0.0006597328325263934,-25000.0,0.97
83,5,-0.698167724609348,0.0017435728667052836,25000.0,0.955
83,6,-0.6255886086193589,0.004288208667878282,25000.0,0.9349999999999999
83,7,-0.5928973568173573,0.009801439316898228,25000.0,0.9099999999999999
83,8,-0.7067908565275591,0.020827326007334546,25000.0,0.88
83,9,-1.682431425619801,0.04099255265575914,25000.0,1.145
83,10,-1.8160611112535672,0.0755543135457861,25000.0,0.825
83,11,-3.68294386683749,0.13127150508826813,25000.0,1.2
83,12,-4.146067275209408,0.21715199948196937,25000.0,0.77
83,13,-5.393847679702038,0.3405817910203941,-25000.0,0.735
83,14,-6.281829068730998,0.5148400810731081,25000.0,0.6950000000000001
83,15,-8.65148161904589,0.7016969617444702,-50000.0,0.65
83,16,-9.63311993820631,0.8267891236162388,-50000.0,0.6
84,1,-1.9735098727018856,1.570796300956333e-05,50000.0,0.5392823145203874
84,2,-1.679284398911368,0.00020420347261491215,50000.0,0.49689791088179525
84,3,-1.4210791786101058,0.0011466797183787812,50000.0,0.5250963755574083
84,4,-1.3681630503901505,0.004288251701158257,50000.0,0.6591086341924803
84,5,-1.414805358614086,0.012063554235470874,50000.0,0.8009747484232566
84,6,-1.1891332727457322,0.028556237412882587,50000.0,0.714145674882646
84,7,-1.7061600307188507,0.059341363942389744,50000.0,0.8219448748375787
84,8,-1.943119895682749,0.1124893859828126,50000.0,0.5904439361617128
84,9,-2.8391810458135702,0.18976593300957328,-50000.0,0.3600226586469121
84,10,-3.9611268981052725,0.25997800721706604,-50000.0,0.16360366087210626
84,11,-3.587147128470639,0.3076913229041527,-50000.0,0.05098567046634323
85,1,-2.0074007756979486,1.570796300956333e-05,50000.0,0.5562277660184191
85,2,-2.059548734890396,0.00020420347261491215,50000.0,0.6925867487025854
85,3,-1.9820767861992172,0.0011466797183787812,50000.0,0.8061019636718416
85,4,-1.775817331623325,0.004288251701158257,50000.0,0.8666119496881417
85,5,-1.5728726515980276,0.012534766243571924,50000.0,0.8806237194503048
85,6,-1.4987060627656148,0.031006378151726636,50000.0,0.8231338586343596
85,7,-2.2332160400177448,0.06706787291125386,50000.0,0.9494181340067275
85,8,-2.5209763793112883,0.13151957389775815,50000.0,0.616068050674796
85,9,-3.8459739249372045,0.227637372667224,-50000.0,0.49411861895577597
85,10,-5.058960857117644,0.3165184359586587,-50000.0,0.2871521443792281
85,11,-5.33283931718818,0.37827774772905143,-50000.0,0.08477380520927738
86,1,-1.964210952070477,1.570796300956333e-05,50000.0,0.5346328542046831
86,2,-1.6501434209142385,0.00010995573641600192,50000.0,0.48628504923916904
86,3,-1.6677511070475857,0.0002984512832288791,50000.0,0.6696714775193809
86,4,-1.3994273693990826,0.0002984512832288791,50000.0,0.7837144282918123
86,5,-0.5505529051144313,0.00087964547739428,50000.0,0.6338558187639709
86,6,0.05637310771320809,0.005497771788971615,50000.0,0.5846728870685964
86,7,0.267947495882992,0.017812656173374727,50000.0,0.6218303961064702
86,8,0.1827392192263299,0.04495498799824155,50000.0,0.5901541646330563
86,9,-0.5607597447721834,0.09207610785651718,-50000.0,0.4124573573212879
86,10,-2.00640462797,0.1409473476837429,-50000.0,0.34892437842967633
86,11,2.001984288969426,0.178003888489645,-50000.0,0.07064980900041963
87,1,2.4968593940941735,0.0,0.0,0.245
87,2,2.5137210237319145,0.0,0.0,0.2292645770311356
87,3,-0.9618860974301239,3.1415918267558146e-05,25000.0,0.9900000000000001
87,4,-0.8879865006327493,0.0001727875039621667,25000.0,1.01
87,5,-0.704654875998142,0.0005026544667103368,25000.0,1.005
87,6,-0.5988207201166221,0.001005308762111082,-25000.0,0.995
87,7,-0.5321715721599857,0.0017121659464339838,-25000.0,0.9900000000000001
87,8,-0.5140024318427192,0.002748889066423248,25000.0,1.01
87,9,-0.3417914844353742,0.004398219105203946,25000.0,0.985
87,10,-0.18221830093268884,0.007225633889705474,25000.0,0.975
87,11,-0.06335652116676978,0.01228353283329961,25000.0,0.96
87,12,-0.13494227967591949,0.020765609754562618,-25000.0,0.9400000000000001
87,13,-0.41107226676296804,0.03419520059199234,-25000.0,0.9149999999999999
87,14,-0.9529105941929278,0.054299276946662325,-25000.0,0.8849999999999999
87,15,-1.7029719773688037,0.08453108814932556,25000.0,0.85
87,16,-2.6600704262360875,0.1298479380723907,25000.0,0.8099999999999999
87,17,-3.814868966877895,0.19719295866167882,25000.0,0.7649999999999999
87,18,-4.8058504980950305,0.296049785953935,25000.0,0.715
87,19,-2.254402071615127,0.40826639826469613,-50000.0,0.6649999999999999
87,20,-4.918505609567711,0.4550311574818809,-50000.0,0.615
88,1,-1.569960916784527,1.570796300956333e-05,50000.0,0.33750783656170824
88,2,-1.397071107365469,0.00020420347261491215,50000.0,0.36195524279143626
88,3,-1.4974505541613325,0.0011466797183787812,50000.0,0.5600045728959908
88,4,-1.4203829912907808,0.004288251701158257,50000.0,0.6847854690140953
88,5,-1.3715647287542072,0.012063554235470874,50000.0,0.7791978187128911
88,6,-1.1662333129677025,0.028556237412882587,50000.0,0.698508266340391
88,7,-1.4550618273195928,0.06022079105630425,50000.0,0.6896213445884022
88,8,-1.7938789367278762,0.11676015739693518,50000.0,0.45586929303884494
88,9,-3.6899213556522454,0.20031711572339275,-50000.0,0.6718103127699586
88,10,-4.568800930084881,0.27675128534427573,-50000.0,0.31945993183136234
88,11,-4.248332060683828,0.32930125821430506,-50000.0,0.08302327438760727
89,1,2.4968593940941735,0.0,0.0,0.245
89,2,-0.9356110622872252,3.1415918267558146e-05,25000.0,0.985
89,3,-0.8212611783063987,0.00026703497970852544,25000.0,0.97
89,4,-0.7839094611288296,0.0008953493762644207,-25000.0,0.95
89,5,-0.7129900060141228,0.002544652284747154,25000.0,0.925
89,6,-0.6821598635319268,0.006502854836494591,25000.0,0.895
89,7,-0.788026481171672,0.01507840736514413,25000.0,0.86
89,8,-1.1195276943499348,0.032038989566614676,25000.0,0.8200000000000001
89,9,-1.8651708633328303,0.06053617690669891,-25000.0,0.775
89,10,-2.9458326277437523,0.10715169426392282,25000.0,0.725
89,11,-0.31181790081113947,0.18091973795898436,25000.0,0.675
89,12,-1.7467376389942408,0.29377612283246607,25000.0,0.625
89,13,-2.9048079698625933,0.4609912426991415,25000.0,0.575
89,14,-3.609764604343268,0.6931372291791507,-25000.0,0.525
89,15,-3.79101645661208,1.000041780658963,-25000.0,0.475
90,1,-1.4373347962543417,1.570796300956333e-05,50000.0,0.2711947762966156
90,2,-1.3998069111847273,0.00010995573641600192,50000.0,0.3583919325737429
90,3,-1.3497841970605193,0.0004869467556266996,50000.0,0.506468818078266
90,4,-1.1999811567828136,0.0017435824941285634,50000.0,0.6472425588312157
90,5,-0.9515079642607754,0.00480662681628698,50000.0,0.7447225528009951
90,6,-0.5943851786014758,0.011403927980123879,50000.0,0.7747776254708953
90,7,0.00402461931943523,0.02459842178652549,50000.0,0.6207962020731344
90,8,-0.24657432877432148,0.04809678649156941,-50000.0,0.6551898223290988
90,9,-1.0355355008275398,0.08668873255667048,-50000.0,0.6995492353672308
90,10,-2.1975140280860765,0.127226573113073,-50000.0,0.602886615518457
90,11,5.253969064062509,0.1584137193258107,-50000.0,0.25279805001707806
91,1,-2.0074007756979486,1.570796300956333e-05,50000.0,0.5562277660184191
91,2,-2.1231524716486283,0.00020420347261491215,50000.0,0.7224668700528738
91,3,-2.0248478443820934,0.0011466797183787812,50000.0,0.8264973609678734
91,4,-1.803050479423962,0.004288251701158257,50000.0,0.879125203466695
91,5,-1.6076501194959791,0.012534766243571924,50000.0,0.8941157735210458
91,6,-1.3108909238117017,0.031006378151726636,50000.0,0.72834789938165
91,7,-1.8978062328863012,0.06706787291125386,50000.0,0.7881798980931358
91,8,-2.6175032043109074,0.13038931314068195,50000.0,0.6837741042335462
91,9,-3.5157452944917904,0.2227400580690341,-50000.0,0.36960808071856366
91,10,-4.764626560473595,0.3062903265240447,-50000.0,0.21453577483560202
91,11,-4.88351628935505,0.36321176845941805,-50000.0,0.018777823936529565
92,1,-1.5478735215933344,1.570796300956333e-05,50000.0,0.3264641389661119
92,2,-1.8207826277890193,0.00010995573641600192,50000.0,0.5705754950380098
92,3,-1.4159077724494211,0.0002984512832288791,50000.0,0.5448154834523772
92,4,-1.2673611085617047,0.0006126105279170077,50000.0,0.7027473278798985
92,5,-0.7390202064017858,0.001319468770328532,50000.0,0.7283331297969129
92,6,-0.25413615532233375,0.0026389373375659744,50000.0,0.8022471396603237
92,7,0.4871670376319974,0.00439822876054923,50000.0,0.8085261021587538
92,8,1.8328377902386679,0.005529202041426493,50000.0,0.5481005061812488
92,9,2.7145712223736043,0.0036442460655466535,-50000.0,0.35731485801764523
92,10,2.587816961068484,0.001687204827471837,-50000.0,0.32897993942684445
92,11,13.79167980812297,0.007938823667837385,-50000.0,0.1440892973500832
93,1,-2.0074007756979486,1.570796300956333e-05,50000.0,0.5562277660184191
93,2,-2.119838375913078,0.00020420347261491215,50000.0,0.7224668700528738
93,3,-1.9589014255739265,0.0011466797183787812,50000.0,0.793553810537007
93,4,-1.4071137369772257,0.004288251701158257,50000.0,0.6793969449056423
93,5,-0.8323092937993424,0.012534766243571924,50000.0,0.5092059944989831
93,6,-1.353495871655644,0.030346742186559448,50000.0,0.7621847596148726
93,7,-1.4511010667276423,0.064649500779028,50000.0,0.5981195574448377
93,8,-2.238293975258864,0.12571034494561723,50000.0,0.5578737490519313
93,9,-3.1489572550240217,0.21680396991157191,-50000.0,0.24290361411108888
93,10,-4.520973856750464,0.30123869125439917,-50000.0,0.12247258830962716
93,11,-4.88478135287434,0.3596020871992517,-50000.0,0.04749330352319996
94,1,2.7018294558731957,0.0,0.0,0.1425149691104889
94,2,2.282077552624334,0.0,0.0,0.34563622683286666
94,3,1.9777282228685926,0.0,0.0,0.49047717012465
94,4,-0.9292715418483596,0.0001570785991389738,25000.0,0.95
94,5,-0.828369425367358,0.0009817300533803404,25000.0,0.925
94,6,-0.7575144531259995,0.0036205317545452984,25000.0,0.895
94,7,-0.784852975171279,0.010217110622737252,25000.0,0.86
94,8,-1.0379000309649355,0.024350929123962705,25000.0,0.8200000000000001
94,9,-1.6473343954488426,0.05155278976677038,25000.0,0.775
94,10,-2.708317585766377,0.09989480776685446,25000.0,0.725
94,11,-0.14702698069762346,0.18036903725237613,25000.0,0.675
94,12,-1.6537312829426425,0.30733247023504306,25000.0,0.625
94,13,-2.7653632749244377,0.4989331284156087,25000.0,0.575
94,14,-1.265739251968312,0.7732874760738012,0.0,0.525
95,1,2.7379232571331906,0.0,0.0,0.12446806848049162
95,2,-0.9491791340102095,3.1415918267558146e-05,25000.0,0.985
95,3,-0.812406473807154,0.00026703497970852544,25000.0,0.97
95,4,-0.8494602981447347,0.0011152604754698578,25000.0,1.04
95,5,-0.6495647623959463,0.0029373590075871528,-25000.0,0.9450000000000001
95,6,-0.5908848261697772,0.006738565062814848,25000.0,0.925
95,7,-0.6472345509881792,0.014277879434861442,25000.0,0.9
95,8,-0.8703238291029315,0.028413162819998068,25000.0,0.87
95,9,-2.0155927305535593,0.053115838773434246,25000.0,1.155
95,10,-2.290893867095531,0.09156884588214631,-25000.0,0.815
95,11,-3.4264995529290823,0.15023011272987213,25000.0,0.78
95,12,-4.742490605949813,0.23392749928385304,-25000.0,0.7400000000000001
95,13,-5.944575153769453,0.3524859708136431,25000.0,0.6950000000000001
95,14,-6.81179335420804,0.5188176404729541,25000.0,0.645
95,15,-1.9533573706614813,0.7475382267226696,14579.438304730547,0.595
95,16,-5.302840089599019,0.913005420923057,-50000.0,0.545
96,1,2.4968593940941735,0.0,0.0,0.245
96,2,2.1324494075256477,0.0,0.0,0.4225
96,3,-1.0463073289462868,6.283178692509317e-05,25000.0,1.02
96,4,-0.9679354061616531,0.00017278717529598211,-25000.0,0.97
96,5,-1.0645507463875985,0.0005026520110187153,25000.0,1.035
96,6,-0.8385535409678245,0.001445115854333116,25000.0,0.955
96,7,-0.8465999233087441,0.003094404139696305,-25000.0,0.9400000000000001
96,8,-0.8555583469861979,0.006282944236533314,25000.0,0.92
96,9,-1.3165176502169775,0.012329920304095632,25000.0,1.095
96,10,-1.131915271149125,0.023323685981440537,25000.0,0.8849999999999999
96,11,-2.0486520926276355,0.0421212081477597,25000.0,1.13
96,12,-2.78116050617368,0.06992915990080575,-25000.0,1.1400000000000001
96,13,-3.1119468001383153,0.11058988461922226,25000.0,0.845
96,14,-4.143176000734382,0.16929090647646716,25000.0,0.825
96,15,-5.282339838971355,0.2488417527554208,-25000.0,0.8
96,16,-6.279538242272288,0.35682457975830856,25000.0,0.7699999999999999
96,17,-7.092041715934579,0.49750486364582325,-25000.0,0.735
96,18,-7.481269674151184,0.6816949663750188,25000.0,0.6950000000000001
96,19,-9.12737166055873,0.8746179866001756,-50000.0,0.65
97,1,-2.0074007756979486,1.570796300956333e-05,50000.0,0.5562277660184191
97,2,-2.1180732076038664,0.00020420347261491215,50000.0,0.7224668700528738
97,3,-1.7556029887397748,0.0011466797183787812,50000.0,0.6894392519228447
97,4,-1.3292644781149736,0.003974098037583223,50000.0,0.6449062245786948
97,5,-1.084234916513046,0.01080696753302308,50000.0,0.6730794601138017
97,6,-0.9320297443688318,0.025320663380256094,50000.0,0.6603494189364263
97,7,-0.6843121936992391,0.05346743703589671,50000.0,0.41739081644085063
97,8,-1.4262985953369542,0.10435445722238856,50000.0,0.44274186179922287
97,9,-2.7563248940114895,0.18162944775578269,-50000.0,0.4038672687417641
97,10,-4.1339652554034725,0.25450328636209024,-50000.0,0.2826117502968845
97,11,-3.548804907938346,0.3060691074572293,-50000.0,0.03019536882245126
98,1,-2.0074007756979486,1.570796300956333e-05,50000.0,0.5562277660184191
98,2,-2.123232695924217,0.00020420347261491215,50000.0,0.7224668700528738
98,3,-2.0244697248674446,0.0011466797183787812,50000.0,0.8283424935938384
98,4,-1.4683560010578856,0.004288251701158257,50000.0,0.7068246491746424
98,5,-0.8601720039277885,0.012534766243571924,50000.0,0.5204596336954483
98,6,-0.5735909936338776,0.031006378151726636,50000.0,0.35895449658531375
98,7,-1.233957648817721,0.06794721981360158,50000.0,0.435725234992833
98,8,-1.8886739239406174,0.13578954861948375,50000.0,0.24411812068619315
98,9,-3.496991502076127,0.23944140249285217,-50000.0,0.20896420985057762
98,10,-4.861691011405029,0.33720894698452974,-50000.0,0.04305876887607903
98,11,-5.6949205666667675,0.40575838826971145,-50000.0,0.01169020854958421
99,1,2.803328238507931,0.0,0.0,0.09176557779312133
99,2,-0.949076128243341,3.1415918267558146e-05,25000.0,0.985
99,3,-0.9376657598397332,0.00010995560541454726,-25000.0,0.97
99,4,-0.8819140482615485,0.00042411280369249486,25000.0,0.95
99,5,-0.7863711472030012,0.0015236480760143173,25000.0,0.925
99,6,-0.7366318765786681,0.004602250060706769,25000.0,0.895
99,7,-0.7887370484122975,0.011858486815717918,25000.0,0.86
99,8,-1.0682062495748716,0.026934559883691735,25000.0,0.8200000000000001
99,9,-1.714301920476665,0.055431747223775966,25000.0,0.775
99,10,-2.7889209525862255,0.10550026586672016,25000.0,0.725
99,11,-0.24110903249327933,0.18820989061572857,25000.0,0.675
99,12,-1.764377371972828,0.3123519139765584,-25000.0,0.625
99,13,-2.955224662549658,0.48653433050434536,-25000.0,0.575
99,14,-3.5839690586703297,0.7271219892199913,25000.0,0.525
99,15,-3.6966112371383435,1.044088985010617,-25000.0,0.475
100,1,-2.0074007756979486,1.570796300956333e-05,50000.0,0.5562277660184191
100,2,-2.1198066084255522,0.00020420347261491215,50000.0,0.7224668700528738
100,3,-1.9217781549430903,0.0011466797183787812,50000.0,0.7746295742393996
100,4,-1.7398295154193348,0.004288251701158257,50000.0,0.8432415139787057
100,5,-1.305825891508552,0.012534766243571924,50000.0,0.7440089325833625
100,6,-1.0478766293508595,0.031006378151726636,50000.0,0.5941397187974233
100,7,-1.5632262488418252,0.06794721981360158,50000.0,0.6005095199606727
100,8,-2.075631322507018,0.13578954861948375,50000.0,0.3393466233932749
100,9,-3.60020288998034,0.23944140249285217,-50000.0,0.26235214586239214
100,10,-5.2365358381795915,0.33720894698452974,-50000.0,0.23366355888651383
100,11,-1.8035426944788273,0.40599911534206157,-50000.0,0.05878056511322257
101,1,-2.0074007756979486,1.570796300956333e-05,50000.0,0.5562277660184191
101,2,-1.8663222615785013,0.00010995573641600192,50000.0,0.590405285411068
101,3,-1.8199140633509907,0.0004869467556266996,50000.0,0.737592831883845
101,4,-1.2897605262275353,0.0017435824941285634,50000.0,0.6856527674593307
101,5,-1.0133484539154385,0.0052778611486586306,50000.0,0.7666238817507198
101,6,-0.7124048849558845,0.013854313724171098,50000.0,0.7912850630766056
101,7,-0.5837197696175104,0.03232634252023882,50000.0,0.7636010206716681
101,8,-0.7917896793273992,0.06851505150606246,50000.0,0.6823232025886359
101,9,-1.808167139027689,0.1269442389055993,-50000.0,0.560624748893876
101,10,-3.173129054323638,0.18470372944024832,-50000.0,0.43930706064107955
101,11,-0.6626972550956872,0.2270726028698331,-50000.0,0.06509237939921188
102,1,-1.6915205366880914,1.570796300956333e-05,50000.0,0.39828764651349047
102,2,-1.5910959828508087,0.00020420347261491215,50000.0,0.4591488202416715
102,3,-1.3976579801629192,0.0009581849157160303,50000.0,0.513078110309168
102,4,-0.8719575268640917,0.0028431360429692376,50000.0,0.4501836953532105
102,5,-0.35103142603115756,0.0063774146974993045,50000.0,0.4176321571334438
102,6,-0.13038106033434782,0.011655268130259109,50000.0,0.5491485285600634
102,7,0.47800121457834777,0.018692406040605517,50000.0,0.5139884896811401
102,8,1.123194268784141,0.026609194003309522,50000.0,0.4844650505660728
102,9,1.3531677559161734,0.03226409658248859,-50000.0,0.49267775615411014
102,10,1.2846632862380016,0.03226409658248859,-50000.0,0.43113585089925316
102,11,12.674503673476481,0.028897747891539607,-50000.0,0.1793803767727717
103,1,-2.0074007756979486,1.570796300956333e-05,50000.0,0.5562277660184191
103,2,-2.115536840326023,0.00020420347261491215,50000.0,0.7197454530527078
103,3,-2.0364963720595926,0.0011466797183787812,50000.0,0.8293558171899125
103,4,-1.8101600771568063,0.004288251701158257,50000.0,0.8837833224548823
103,5,-1.5981677264550114,0.012534766243571924,50000.0,0.8931587677149211
103,6,-1.2535927881088105,0.031006378151726636,50000.0,0.699013396294704
103,7,-1.7011437752363312,0.06794721981360158,50000.0,0.6739900464826633
103,8,-2.573624709674813,0.13578954861948375,50000.0,0.5924153847147517
103,9,-3.8825435579904015,0.23944140249285217,-50000.0,0.4002688870186451
103,10,-5.383724636788022,0.33720894698452974,-50000.0,0.30686326755790916
103,11,-2.2913425819425544,0.4059628443207306,-50000.0,0.0
104,1,-2.0074007756979486,1.570796300956333e-05,50000.0,0.5562277660184191
104,2,-2.120519273744995,0.00020420347261491215,50000.0,0.7224668700528738
104,3,-2.0307794596155144,0.0011466797183787812,50000.0,0.8264973609678734
104,4,-1.4378344067888988,0.004288251701158257,50000.0,0.6918616140466702
104,5,-1.3315571988275137,0.012534766243571924,50000.0,0.7530565225068814
104,6,-0.9813106398192996,0.031006378151726636,50000.0,0.5622618516761823
104,7,-1.510957709421266,0.06794721981360158,50000.0,0.5781740539374888
104,8,-2.165754146400033,0.13578954861948375,50000.0,0.385634507300327
104,9,-3.7539002520415004,0.23944140249285217,-50000.0,0.3394618138767483
104,10,-5.080678707292627,0.33720894698452974,-50000.0,0.15050975047065743
104,11,-5.7587663603873205,0.40575838826971145,-50000.0,0.04280685647678407
105,1,-2.0074007756979486,1.570796300956333e-05,50000.0,0.5562277660184191
105,2,-2.0631290554873183,0.00010995573641600192,50000.0,0.6906135113072988
105,3,-1.9522081687337443,0.0002984512832288791,50000.0,0.8197467247068169
105,4,-1.6737217263642616,0.0006126105279170077,50000.0,0.9045346765307993
105,5,-1.1655892005483792,0.001319468770328532,50000.0,0.9418069195991106
105,6,-0.5314328224947467,0.003298670970053052,50000.0,0.9310565498910337
105,7,0.243977671998445,0.008576534126362032,50000.0,0.8302203172910491
105,8,0.9690004724454896,0.021017141988363956,50000.0,0.6610939215687293
105,9,0.6876327867506165,0.04426456488833298,-50000.0,0.5800124714670009
105,10,-0.05543380518006565,0.07003299769819235,-50000.0,0.39225785332673624
105,11,8.236037533888931,0.09071508922077165,-50000.0,0.15091497231490988
106,1,2.4968593940941735,0.0,0.0,0.245
106,2,-0.9522074415673155,3.1415918267558146e-05,25000.0,0.985
106,3,-0.8202560586250404,0.00026703497970852544,25000.0,0.97
106,4,-0.6594224026019843,0.001209506574542368,25000.0,0.95
106,5,-0.5239722756916408,0.003958344755346924,25000.0,0.925
106,6,-0.4823052887362429,0.010555349008259319,25000.0,0.895
106,7,-0.6439494856451959,0.02440816463146242,25000.0,0.86
106,8,-1.1542163530104248,0.0507912925004166,25000.0,0.8200000000000001
106,9,-2.106823657096605,0.0974230536023726,25000.0,0.775
106,10,-3.4844814010904233,0.17166258124535883,-25000.0,0.725
106,11,-0.9431270707135165,0.2856677396831812,25000.0,0.675
106,12,-2.1033596882912735,0.45495231699340377,25000.0,0.625
106,13,-2.586413717543151,0.6988077001323054,25000.0,0.575
106,14,-5.029437976816078,0.901147078759813,-50000.0,0.525
107,1,-2.0074007756979486,1.570796300956333e-05,50000.0,0.5562277660184191
107,2,-2.0394733022322007,0.00020420347261491215,50000.0,0.6821687359643576
107,3,-1.9352374471131475,0.0011466797183787812,50000.0,0.7803397675141408
107,4,-1.651677096595576,0.003974098037583223,50000.0,0.8042504385226132
107,5,-0.9031095412454474,0.01080696753302308,50000.0,0.5847019151163014
107,6,-0.9219749202866473,0.025320663380256094,50000.0,0.650161343767435
107,7,-1.124337323181756,0.05346743703589671,50000.0,0.6409519022835839
107,8,-1.718271485617705,0.10435445722238856,50000.0,0.5932351139688457
107,9,-2.953192797766504,0.18162944775578269,-50000.0,0.4976107007499438
107,10,-4.309109476301755,0.25450328636209024,-50000.0,0.3707915873199697
107,11,-3.610966152452208,0.3060691074572293,-50000.0,0.06043562042432214
108,1,-2.0074007756979486,1.570796300956333e-05,50000.0,0.5562277660184191
108,2,-2.119030471212101,0.00020420347261491215,50000.0,0.7197454530527078
108,3,-1.7362238395804162,0.0009581849157160303,50000.0,0.684235605500056
108,4,-1.5764054994261478,0.0028431360429692376,50000.0,0.8033347403905902
108,5,-1.2620297052246512,0.006848647634593714,50000.0,0.8474538150462705
108,6,-0.6100468642220086,0.014105668887428167,50000.0,0.7312983901916903
108,7,-0.004055825454359568,0.02554093898811146,50000.0,0.6198457046393273
108,8,0.6428761131120138,0.04137436176805832,50000.0,0.4504494562981666
108,9,0.3977348094919142,0.05959570407685606,-50000.0,0.4814433523523776
108,10,0.03330703678484274,0.07292482383676273,-50000.0,0.34363094130040567
108,11,9.018653977734264,0.08062026506320633,-50000.0,0.21342880873678446
