episode_idx,reward,actor_loss,critic_loss,wall_time
0,-1199.34840049031,0.040756650269031525,0.3780733346939087,14.311921100015752
1,-1082.5857136835473,0.08111926168203354,0.37603384256362915,27.10766420001164
2,-1131.9171498371525,0.12979726493358612,0.3117309808731079,40.2957026999793
3,-1080.5108915489247,0.13606159389019012,0.22493720054626465,52.8951244999771
4,-1084.9343917022645,0.13938167691230774,0.2056596428155899,66.13446979998844
5,-1004.7186865530327,0.1311561018228531,0.16803140938282013,78.39672329998575
6,-985.8707010497105,0.11512574553489685,0.12918584048748016,90.15620379999746
7,-978.7058694026091,0.09827177226543427,0.1388668417930603,102.54709499998717
8,-972.8905026936351,0.11564832925796509,0.14985999464988708,115.09945450001396
9,-946.057598420091,0.11248055100440979,0.2024265080690384,126.74848080001539
10,-950.072952258607,0.10182490944862366,0.254183828830719,138.6255867999862
11,-979.6078988519176,0.09818405658006668,0.29643601179122925,150.31203189998632
12,-989.2262779590645,0.07425548136234283,0.3146842420101166,162.08337579999352
13,-957.7599730503265,0.07685934752225876,0.382284939289093,173.44318309996743
14,-985.9048770252085,0.08313778042793274,0.3946751654148102,184.8465017999988
15,-982.2571181806945,0.09870532155036926,0.4074961841106415,196.01222709997091
16,-935.1225556988712,0.09629978239536285,0.4094023108482361,206.84615439997287
17,-950.6536130621244,0.09487567096948624,0.40827441215515137,219.0358777999645
18,-950.3927362541284,0.08965467661619186,0.4110024869441986,230.0581453999621
19,-942.3335051247464,0.07523788511753082,0.4345690906047821,241.35772969998652
20,-953.8346770478032,0.08138427138328552,0.42973506450653076,253.05137439997634
21,-911.9306078666635,0.07052330672740936,0.44469398260116577,264.64354819996515
22,-983.7260837538079,0.09049729257822037,0.4401979148387909,276.55802110000513
23,-927.4692214589392,0.07560467720031738,0.4370887875556946,287.18055129999993
24,-950.1560279300566,0.0679069384932518,0.431438684463501,298.60987549996935
25,-963.0084223713761,0.08614063262939453,0.443541020154953,310.28882690001046
26,-966.5682696973587,0.08232100307941437,0.4392532408237457,322.07438030000776
27,-938.9100568454919,0.06949125975370407,0.43579497933387756,333.5943680999917
28,-979.8563024193677,0.07356854528188705,0.43372827768325806,345.62969779997366
29,-929.4440834804292,0.07298120856285095,0.4320756793022156,356.620528200001
30,-945.4846358038805,0.07144264876842499,0.4356440603733063,369.4353411999764
31,-956.0725006727172,0.0853060707449913,0.4390202462673187,381.5401245999965
32,-947.5965579753821,0.07472579181194305,0.4403475821018219,393.5469885999919
33,-972.8977921970554,0.07557431608438492,0.4527026116847992,404.9251702000038
34,-979.1913390877061,0.07349362969398499,0.4441734254360199,416.14635200001067
35,-888.2589600325873,0.0698026493191719,0.45430198311805725,426.17072589998133
36,-972.5032594452927,0.08347427845001221,0.4439399540424347,437.9482239999925
37,-966.6191303974452,0.08390307426452637,0.4489929676055908,449.0940220999764
38,-949.0165126992567,0.07232490181922913,0.4333571791648865,460.3414514999604
39,-949.5342112832121,0.06463463604450226,0.4543860852718353,471.1506073999917
40,-892.9590739432164,0.07843384146690369,0.4543403387069702,481.73396969999885
41,-965.0587496385715,0.09636818617582321,0.45906010270118713,492.53956449998077
42,-989.4629679298864,0.07434195280075073,0.455557644367218,505.7115121000097
43,-1022.9652707941997,0.07693066447973251,0.44757193326950073,519.1763975999784
44,-968.2636944967164,0.07652758806943893,0.4457075595855713,532.5361124000046
45,-938.1054027240572,0.08282514661550522,0.4492926597595215,543.6013577000122
46,-914.9522724322643,0.07143363356590271,0.4491770565509796,555.3055138000054
47,-965.8546883254782,0.07465726137161255,0.4456072151660919,567.4725266000023
48,-1022.7720409124956,0.06799684464931488,0.46860432624816895,579.105018000002
49,-951.7066730532324,0.07653628289699554,0.4525615870952606,590.3845039000153
50,-947.0208781272952,0.07972516119480133,0.44567590951919556,601.6356907999725
51,-920.0100848976233,0.07855464518070221,0.43167784810066223,612.4767467000056
52,-992.2063201140576,0.08640117943286896,0.46572476625442505,623.8128200999927
53,-942.5173930401104,0.07910272479057312,0.44345182180404663,637.010641300003
54,-956.5230397356099,0.0831010565161705,0.46082648634910583,649.2470561999944
55,-947.8753288476697,0.06734193861484528,0.4405685067176819,661.1414494999917
56,-946.5915697335713,0.07468618452548981,0.44655463099479675,672.7063328999793
57,-954.8815172381563,0.07967358082532883,0.4483529329299927,685.32198899996
58,-916.6976149709257,0.0730302706360817,0.4404461085796356,698.6259549999959
59,-943.7310409863077,0.07087697833776474,0.4500363767147064,710.0568285000045
60,-915.9242025389742,0.07201268523931503,0.45617637038230896,720.4624167999718
61,-929.9989722661658,0.08290718495845795,0.46098074316978455,732.297041599988
62,-905.7802530466885,0.07555483281612396,0.4448477625846863,744.8604569999734
63,-928.8800895683164,0.08094347268342972,0.44399622082710266,755.8013437999762
64,-907.6587021642224,0.07621601223945618,0.4410487413406372,767.416834099975
65,-979.1568182622493,0.08391952514648438,0.45984548330307007,780.4343580999994
66,-917.7456890628686,0.07892754673957825,0.45254138112068176,791.9219213000033
67,-957.3510014378726,0.07944387197494507,0.45587942004203796,802.9430575000006
68,-981.714496296712,0.07398442178964615,0.44781890511512756,814.9937672999804
69,-988.3303791511606,0.07963357865810394,0.43442270159721375,826.6077176000108
70,-961.7948845410591,0.07404834777116776,0.452031672000885,838.2213125000126
71,-964.5907627504671,0.08029237389564514,0.44607701897621155,850.1109068999649
72,-927.7186631339275,0.07227395474910736,0.4432635009288788,861.3516792000155
73,-943.3336220034836,0.07762062549591064,0.43998461961746216,872.068303100008
74,-980.907642873433,0.08992978930473328,0.45857712626457214,884.6277323999675
75,-971.8999800203552,0.07679852843284607,0.44760817289352417,897.4717578999698
76,-967.767689786236,0.0721939280629158,0.45901429653167725,911.8399512000033
77,-930.9347462209556,0.07203231006860733,0.4511835277080536,924.8220620999928
78,-959.2911075461975,0.07467883825302124,0.4453375041484833,937.0508903000155
79,-987.1282619617583,0.08734402060508728,0.46023130416870117,948.4448066999903
80,-967.3468774968429,0.07725066691637039,0.44377532601356506,961.8251444000052
81,-915.3362733292981,0.06755448132753372,0.4463143050670624,971.5722092000069
82,-954.8848323803459,0.0694795474410057,0.44898721575737,984.0533611999708
83,-982.3555029687434,0.0779649093747139,0.44258108735084534,996.6551092999871
84,-950.95921548946,0.07532794773578644,0.4426298141479492,1008.929554399976
85,-973.7045078569282,0.0598437562584877,0.44755819439888,1020.8889420999913
86,-959.7031615710944,0.07494814693927765,0.44701817631721497,1032.2171822999953
87,-927.7411004982753,0.07681731879711151,0.4431869089603424,1044.7881535000051
88,-969.0627661447111,0.08376526832580566,0.44548237323760986,1056.3000442999764
89,-909.9927571180281,0.0712290033698082,0.4455662965774536,1068.152271399973
90,-943.7101488750094,0.07891888916492462,0.4536641240119934,1081.3405817999737
91,-965.9192669060468,0.06499796360731125,0.43985605239868164,1092.3582320999703
92,-909.5719663998924,0.07075785100460052,0.46007081866264343,1103.9314554000157
93,-940.214380968604,0.08757341653108597,0.4730609953403473,1114.9769611000083
94,-999.1643720394768,0.07461535185575485,0.438455194234848,1129.113782099972
95,-963.3560528964779,0.08629453182220459,0.45986703038215637,1141.3100719999638
96,-927.2000137973241,0.08225934952497482,0.4451124370098114,1152.1779031999758
97,-894.2387400737639,0.07332359999418259,0.45216089487075806,1165.274133400002
98,-950.2314073584467,0.0758509412407875,0.44601115584373474,1177.1327010999667
99,-958.8676300386395,0.09143323451280594,0.4575178921222687,1188.5427251000074
100,-959.8664734376736,0.06258698552846909,0.44161808490753174,1202.6959430999705
101,-969.2153779083271,0.08505879342556,0.45541059970855713,1215.7252434999682
102,-967.9826776149071,0.07618405669927597,0.45036613941192627,1229.4924472999992
103,-962.5895138611268,0.07762057334184647,0.4442223012447357,1240.451991799986
104,-894.5971969998484,0.07983288913965225,0.4586423337459564,1250.7533944000024
105,-989.8580533814948,0.10497555136680603,0.4608832001686096,1262.26422979997
106,-954.6225046499649,0.1021844670176506,0.45896074175834656,1273.6533504999825
107,-963.5860270748865,0.07316569983959198,0.4515174329280853,1284.587871900003
108,-933.0275836770825,0.08773750811815262,0.46170932054519653,1296.4688229999738
109,-968.1537784839993,0.07741909474134445,0.45094797015190125,1308.2799300999613
110,-969.6987630038753,0.08963087201118469,0.4554143249988556,1320.317067899974
111,-957.7199726881757,0.0938987135887146,0.45062071084976196,1332.9223420000053
112,-949.1735083397324,0.0915185734629631,0.4510158598423004,1344.2791071999818
113,-951.7584895947127,0.06888815760612488,0.45928266644477844,1357.655211300007
114,-965.4358654389479,0.08865798264741898,0.4538719356060028,1372.2373064999701
115,-931.5166287414844,0.07447180151939392,0.4486694633960724,1382.9438684000052
116,-936.8839104786928,0.0716380774974823,0.45402273535728455,1395.0487517999718
117,-962.087800965071,0.07670113444328308,0.44948214292526245,1406.6415513000102
118,-974.0924214608053,0.07298272848129272,0.4406719505786896,1418.6709718999919
119,-923.0118971921947,0.08059334009885788,0.44995439052581787,1429.6408320000046
120,-925.5999146090275,0.06996536999940872,0.4523695409297943,1442.4776598999742
121,-940.7571207327381,0.09490306675434113,0.4615408182144165,1456.7967249999638
122,-955.9796307318275,0.07604217529296875,0.44766342639923096,1468.1177199999802
123,-969.459638964061,0.08828120678663254,0.45542946457862854,1481.4534232000005
124,-958.1646019484706,0.0689290463924408,0.442984402179718,1495.7786720999866
125,-942.7866252487568,0.07348506152629852,0.45536255836486816,1506.2744768999983
126,-969.2475465965522,0.07459492981433868,0.45545822381973267,1518.774299599987
127,-885.0523723682375,0.06730344146490097,0.4461236894130707,1529.5654683000175
128,-971.792101195994,0.08531531691551208,0.4548235833644867,1540.7158869999694
129,-985.983803245996,0.08756186068058014,0.45575955510139465,1554.3827182999812
130,-944.8127605428489,0.06796738505363464,0.45463719964027405,1567.5710472000064
131,-1001.6946807016218,0.07385742664337158,0.452151894569397,1581.655654800008
132,-978.9118310309816,0.07746827602386475,0.44190070033073425,1595.5959051999962
133,-934.7270591222697,0.07635026425123215,0.4522697627544403,1606.7147542000166
134,-935.0033207923807,0.07013124972581863,0.4583854079246521,1619.1560429999954
135,-959.0912048569971,0.09420082718133926,0.4596194922924042,1632.1740482000168
136,-930.2876444487274,0.07811388373374939,0.4515962302684784,1644.8249128999887
137,-968.1963983822595,0.07604353129863739,0.46297550201416016,1657.1827411999693
138,-953.2328108688399,0.0783100500702858,0.4528011679649353,1668.6760610999772
139,-964.1168228480352,0.08220577985048294,0.44443657994270325,1681.562110400002
140,-978.4030375930245,0.07563183456659317,0.4488407373428345,1693.347419800004
141,-950.8619687017743,0.08025727421045303,0.4556659758090973,1705.3462355000083
142,-894.4966379360299,0.07602018862962723,0.4560505449771881,1717.848367700004
143,-952.0436398464019,0.06700493395328522,0.4529627859592438,1730.1537139000138
144,-923.1450647436365,0.07691328227519989,0.4603957533836365,1741.120599100017
145,-957.1379881529728,0.0639757513999939,0.4572122097015381,1754.1830178999808
146,-970.2772246231729,0.06185363605618477,0.4297175705432892,1768.1914445000002
147,-990.4927891474308,0.07630719989538193,0.4582032561302185,1782.038660799968
148,-971.147179952724,0.07889437675476074,0.43968433141708374,1795.8313046999974
149,-1001.9286267971493,0.07657589018344879,0.44103696942329407,1809.7847275999957
150,-925.1243469741424,0.07052753865718842,0.44736796617507935,1821.0959659999935
151,-1013.527370274983,0.08565124124288559,0.46773576736450195,1833.7254526999895
152,-945.4921407683178,0.0790364146232605,0.4482199251651764,1847.780064199993
153,-974.1430249108273,0.07940462976694107,0.4544900357723236,1862.1186512999702
154,-916.6319581030943,0.0826505571603775,0.4678213894367218,1874.5413114000112
155,-945.8534051861269,0.06488412618637085,0.4429613947868347,1885.092850200017
156,-957.3796152493651,0.07291164994239807,0.4459536671638489,1898.5934128999943
157,-983.1163952355728,0.0833558589220047,0.4483814835548401,1913.270930300001
158,-926.3248197405037,0.08863008767366409,0.4733130931854248,1926.8209846999962
159,-923.8828972530195,0.07274692505598068,0.452212393283844,1939.4260051000165
160,-1017.2073705491603,0.10403160750865936,0.47188878059387207,1952.9987394000054
161,-954.2707992736885,0.08705316483974457,0.4773990213871002,1963.7120265999692
162,-919.3610784578059,0.06954943388700485,0.4595580995082855,1974.8353375999723
163,-936.5118765069669,0.07581684738397598,0.4467756152153015,1986.0858577999752
164,-983.9973192050179,0.10406359285116196,0.4672412872314453,1999.8568155000103
165,-1025.9556942530933,0.09696213901042938,0.47154536843299866,2012.6427377999644
166,-961.2342630999926,0.07154126465320587,0.4496643543243408,2025.0907340999693
167,-959.0249373478745,0.08285965770483017,0.43880629539489746,2039.196187399968
168,-985.8601744180157,0.07191144675016403,0.44454845786094666,2053.2075562999817
169,-971.6251498271433,0.08029531687498093,0.45069172978401184,2068.1326387000154
170,-945.2384110315935,0.07851295918226242,0.45741552114486694,2080.128518200014
171,-963.5610855331906,0.08765833079814911,0.45813390612602234,2091.1636964000063
172,-968.5433744740277,0.08417171984910965,0.4655175507068634,2105.129873399972
173,-988.1848195814248,0.09279610216617584,0.460358589887619,2119.600224599999
174,-954.6305323776423,0.08545467257499695,0.4530712068080902,2133.3253109999932
175,-924.4258473732817,0.07714619487524033,0.4494342505931854,2143.9989017999615
176,-907.7204462368102,0.07515900582075119,0.4470943510532379,2156.2241177000105
177,-930.9234477270066,0.07784352451562881,0.4520987272262573,2167.7751104999916
178,-926.3180597176145,0.0774306207895279,0.44299641251564026,2179.6961830999935
179,-943.2757666372927,0.08052578568458557,0.4538429379463196,2193.5449076999794
180,-905.7677568041582,0.07711684703826904,0.4491613507270813,2206.9838205999695
181,-940.524897425697,0.07145845890045166,0.4541754126548767,2218.8854769999743
182,-938.5445652305294,0.0777367353439331,0.4591785669326782,2229.964305599977
183,-963.4840719016858,0.08399411290884018,0.4438197910785675,2243.7788574000006
184,-932.9464692926937,0.06225530058145523,0.44185715913772583,2256.517721100012
185,-959.8663306814474,0.08382261544466019,0.45672154426574707,2267.48442719999
186,-966.6243776314911,0.09378337860107422,0.45537111163139343,2278.5231375999865
187,-939.8046643635798,0.07567518204450607,0.4493407607078552,2290.188168899971
188,-982.9391596012243,0.08378864824771881,0.45918092131614685,2305.523686099972
189,-963.0925605709092,0.08442749828100204,0.4513239562511444,2319.1024260999984
190,-945.8393745678221,0.0814540833234787,0.4379834830760956,2329.892381999991
191,-944.3145004136454,0.0706731379032135,0.45610934495925903,2342.8763229000033
192,-929.0111865186714,0.06848455965518951,0.44470927119255066,2356.5155533999787
193,-951.4167301397945,0.06867160648107529,0.4507807493209839,2371.3219117000117
194,-928.1993954018114,0.0667191594839096,0.4486450254917145,2386.0787945999764
195,-949.616689561726,0.0769156813621521,0.44704657793045044,2400.090341800009
196,-965.8899383463257,0.06663280725479126,0.46031278371810913,2414.490409799968
197,-951.2471545740619,0.06783270090818405,0.44607099890708923,2429.3437419999973
198,-907.1776503700381,0.08925852179527283,0.4447428286075592,2443.0184871999663
199,-976.6451077451999,0.07869930565357208,0.45606011152267456,2457.2553410999826
200,-911.4360520281905,0.08360598981380463,0.4576941430568695,2470.298129300005
201,-921.8305561060107,0.07776552438735962,0.45374584197998047,2484.0523720000056
202,-918.9126130519826,0.0773763358592987,0.4467187821865082,2497.876869599975
203,-919.655128900946,0.05780258774757385,0.44533684849739075,2511.780844199995
204,-933.6510635861515,0.07356284558773041,0.4549348056316376,2526.529379100015
205,-938.7794185424933,0.07327163964509964,0.4470506012439728,2540.66356929997
206,-973.52001024865,0.08776251971721649,0.45078450441360474,2554.2657462999923
207,-956.085853099444,0.09540446847677231,0.4705115556716919,2565.4682063999935
208,-991.4782650062688,0.07884267717599869,0.4629330337047577,2580.8108840999776
209,-946.9901507046142,0.0680389255285263,0.4446006119251251,2592.5829331999994
210,-997.8317197544525,0.08750859647989273,0.45049235224723816,2604.3137005000026
211,-951.7410559369988,0.07367436587810516,0.46691226959228516,2618.795898000011
212,-952.7196859330213,0.083295539021492,0.44486120343208313,2629.6187635000097
213,-955.2230394320525,0.06422218680381775,0.4371308386325836,2643.487046699971
214,-919.9740715822576,0.07330863922834396,0.44435247778892517,2655.989413800009
215,-939.9969511439012,0.07298344373703003,0.4558666944503784,2666.8647744999616
216,-947.0025200234336,0.10059890896081924,0.4635043144226074,2679.388472199964
217,-966.4612333428074,0.09381348639726639,0.4627443552017212,2690.8351148999645
218,-940.7503300771955,0.07052607089281082,0.4440859258174896,2705.2403041999787
219,-961.4380527784875,0.07999086380004883,0.45644572377204895,2720.1420552000054
220,-936.3572254166735,0.07925566285848618,0.4584592282772064,2734.235831799975
221,-932.4039034235169,0.07561030238866806,0.44360077381134033,2749.352964599966
222,-940.8892481035647,0.08469940721988678,0.45782923698425293,2764.115273399977
223,-952.0388120480806,0.06142871826887131,0.4586738348007202,2778.204215899983
224,-950.109126887348,0.06941541284322739,0.44556549191474915,2791.0026549000177
225,-961.286683959579,0.06789633631706238,0.44543522596359253,2802.9595504999743
226,-920.9999229031739,0.07092028856277466,0.44506028294563293,2816.9544042999623
227,-923.3735486854914,0.06576612591743469,0.4351111650466919,2829.526026799984
228,-965.2529104113141,0.07851549237966537,0.44926249980926514,2840.4683002000093
229,-968.1386956688496,0.07820534706115723,0.44249647855758667,2854.588590600004
230,-909.7474497520033,0.08864457160234451,0.45289739966392517,2868.9627945999964
231,-937.6828778048863,0.07382579147815704,0.45208194851875305,2882.7327024000115
232,-901.0034982508374,0.07484898716211319,0.4610803723335266,2897.2711102999747
233,-977.1369055067044,0.09275020658969879,0.463358610868454,2912.1259699999937
234,-927.6831592575088,0.07080770283937454,0.45002272725105286,2927.463425199967
235,-933.781160639397,0.08050929009914398,0.4536130726337433,2942.396333599987
236,-952.3558531404403,0.07279672473669052,0.4467698931694031,2957.305874999962
237,-992.5756191699403,0.07951091229915619,0.4389989972114563,2973.2153726000106
238,-949.0250670819424,0.07485828548669815,0.4571707546710968,2987.5403113999637
239,-980.4483826910306,0.08346112817525864,0.4619463086128235,3003.079184399976
240,-960.72625145149,0.0648357942700386,0.4364798069000244,3017.565144399996
241,-950.5851159350541,0.07116220891475677,0.44725704193115234,3029.026188799995
242,-966.792818831447,0.062327876687049866,0.4447126090526581,3042.460929199995
243,-925.4227251512131,0.06240514665842056,0.44260069727897644,3056.8009043000056
244,-931.7831833947946,0.06501124799251556,0.44896191358566284,3070.4835496000014
245,-958.4693107224715,0.08260516077280045,0.44951578974723816,3084.460729899991
246,-926.998209188293,0.08160397410392761,0.4514351189136505,3095.595275999978
247,-970.3749219391898,0.0781715139746666,0.445231556892395,3109.2542394999764
248,-952.0739223081772,0.07441972196102142,0.4476238191127777,3121.8778598000063
249,-917.9637439169973,0.0740734338760376,0.44633233547210693,3136.082937399973
250,-960.222594624637,0.07882587611675262,0.4535423517227173,3151.512506800005
251,-974.4759630808845,0.08690307289361954,0.45519760251045227,3166.0910787999746
252,-984.9162522777368,0.09308546781539917,0.46103858947753906,3181.766355299973
253,-975.8619888684774,0.0672527477145195,0.4551715552806854,3197.243982999993
254,-944.1310124381814,0.08386922627687454,0.45963990688323975,3211.179984699993
255,-920.5722389258818,0.09064151346683502,0.4721773564815521,3225.424038500001
256,-939.7937568884576,0.06576813757419586,0.45274215936660767,3236.984015299997
257,-997.6783584616218,0.0853821188211441,0.4580472409725189,3251.3660296999733
258,-937.725710550352,0.08859315514564514,0.44902467727661133,3265.282400499971
259,-954.7409465809926,0.07328508794307709,0.44974058866500854,3281.183354699984
260,-922.7107950311221,0.0828772708773613,0.4494612514972687,3295.8588336000103
261,-917.5049727091135,0.06836022436618805,0.4526052176952362,3307.804992899997
262,-942.5524676451641,0.07714692503213882,0.4633709192276001,3320.18861740001
263,-945.0486911271332,0.07542618364095688,0.4460017681121826,3334.75644019997
264,-982.2624114878104,0.0635153129696846,0.44331124424934387,3346.1473467999604
265,-988.5304772512774,0.06541640311479568,0.4523015022277832,3360.75224110001
266,-946.2770225828449,0.08512537181377411,0.4580388069152832,3372.417258100002
267,-952.7249058165546,0.07475174963474274,0.44734975695610046,3385.3518887999817
268,-949.6604841865061,0.07192297279834747,0.4547361135482788,3401.522361100011
269,-945.2449209639208,0.072058767080307,0.4591634273529053,3416.916861500009
270,-994.5058159771802,0.0946376621723175,0.45794418454170227,3428.336122400011
271,-953.3511479208585,0.07695034146308899,0.44949138164520264,3440.6851350999787
272,-925.1847164303751,0.06809616833925247,0.45644935965538025,3451.1437607000116
273,-949.2531662981395,0.09516755491495132,0.4685153663158417,3465.9031501999707
274,-866.151927918403,0.0676756426692009,0.44944947957992554,3479.8243029000005
275,-967.3729059535707,0.08472811430692673,0.4571000635623932,3495.9906839999603
276,-946.2797648997965,0.07309576869010925,0.4503423571586609,3511.0658055999666
277,-941.7152331885757,0.07184743136167526,0.44493770599365234,3526.8221687999903
278,-954.3820605944244,0.07607950270175934,0.4575178921222687,3542.044625099981
279,-953.7861913056818,0.09501335024833679,0.46006664633750916,3557.0844123999705
280,-983.1810649316943,0.07054276019334793,0.4484083652496338,3572.7534039000166
281,-892.7817455558475,0.07092928141355515,0.4546586871147156,3587.7101907999604
282,-935.967398329112,0.07403600215911865,0.4535392224788666,3602.0457563999807
283,-979.954244623437,0.09343957155942917,0.4627208113670349,3617.225252299977
284,-952.1163393010665,0.07334329187870026,0.4477214813232422,3632.018186400004
285,-922.2786460725831,0.08495491743087769,0.43793249130249023,3646.6965457999613
286,-880.7144601580108,0.07996317744255066,0.45593881607055664,3659.460286299989
287,-993.9963560077944,0.08203446865081787,0.45227405428886414,3671.514863999968
288,-965.0040024937517,0.06952032446861267,0.4459141492843628,3684.8293481
289,-909.2943587598837,0.06819970905780792,0.43860796093940735,3695.4119469000143
290,-935.4170804381798,0.07255195826292038,0.44081518054008484,3710.262772599992
291,-953.7592953167891,0.06991670280694962,0.43906712532043457,3726.2123701999662
292,-1015.4331281333274,0.0850440263748169,0.44384679198265076,3742.1580706000095
293,-937.5634939744928,0.08035488426685333,0.4538944363594055,3755.6394827999757
294,-943.956098861949,0.07892857491970062,0.45875540375709534,3766.9764005999896
295,-928.9706065278604,0.07513900101184845,0.4488140642642975,3780.5935421999893
296,-951.1991886329354,0.07867277413606644,0.44381779432296753,3795.834460199985
297,-942.1421099116061,0.0952756479382515,0.4581257104873657,3808.669010600017
298,-970.3286155733184,0.09339911490678787,0.46574243903160095,3820.41994230001
299,-997.9141606750366,0.06605108082294464,0.451844185590744,3837.0605073999614
300,-916.7300643809945,0.06705586612224579,0.4575723111629486,3850.2689853999764
301,-956.3224616187848,0.08051344752311707,0.46760067343711853,3861.5275835999637
302,-944.2337218417646,0.09458993375301361,0.44866228103637695,3876.0967518999823
303,-944.5626708996314,0.07269366830587387,0.4375506043434143,3888.5587550000055
304,-961.9722757585755,0.06898380815982819,0.4467627704143524,3899.795191799989
305,-913.8463897917577,0.07634028047323227,0.4502736032009125,3914.7922550999792
306,-917.4540337808484,0.06878186762332916,0.4599578082561493,3928.233052399999
307,-948.9479582064545,0.08043946325778961,0.4458160698413849,3939.6840789999696
308,-945.8060919520465,0.0826571062207222,0.4499448537826538,3953.863228400005
309,-978.1358347032854,0.0722585991024971,0.44976118206977844,3969.575649800012
310,-973.5209677784717,0.09287518262863159,0.45145243406295776,3985.8691618000157
311,-1009.9038195684573,0.07624034583568573,0.4387059807777405,4001.9333430000115
312,-983.7851224806265,0.0763239711523056,0.4428688585758209,4017.2267252000165
313,-1010.4291264831237,0.07168971002101898,0.43763497471809387,4034.322857299994
314,-953.6120652279191,0.06345973163843155,0.43133002519607544,4048.300357799977
315,-923.3967765429294,0.07164816558361053,0.45774948596954346,4062.733476799971
316,-982.7111905594505,0.08416707813739777,0.45255357027053833,4075.4507258000085
317,-949.3308995312315,0.08467777818441391,0.4592460095882416,4087.203759900003
318,-892.6083368671257,0.07696794718503952,0.44158822298049927,4098.626741899992
319,-940.3516580679747,0.07267214357852936,0.44322749972343445,4109.545750999998
320,-966.156037418157,0.08282127231359482,0.4551084637641907,4126.099877799978
321,-969.2669486617281,0.09112721681594849,0.44153138995170593,4142.543533699994
322,-956.1653447614631,0.06837384402751923,0.45231422781944275,4158.705425399996
323,-953.0919965435899,0.09072528034448624,0.4698339104652405,4174.717802800005
324,-954.7251203300455,0.06621832400560379,0.45357078313827515,4190.723728400015
325,-991.1125940714849,0.09847794473171234,0.47405996918678284,4206.829489799973
326,-906.4231522565117,0.07109107077121735,0.46229809522628784,4221.662523499981
327,-959.7130465830327,0.08782481402158737,0.4468887746334076,4238.268257799966
328,-983.7771935161447,0.09232880175113678,0.4560546875,4253.437077099981
329,-961.2833052541029,0.06925587356090546,0.44521790742874146,4265.034289999981
330,-968.4382757318222,0.08205826580524445,0.45980527997016907,4278.591690799978
331,-942.1505264763674,0.09585121273994446,0.4585173726081848,4293.650313899969
332,-919.0282158572962,0.0698324590921402,0.45096099376678467,4309.255152500002
333,-884.1306799384466,0.07255048304796219,0.45422327518463135,4324.02476369997
334,-901.806869555262,0.07633304595947266,0.4610949754714966,4340.031177399971
335,-988.7012756149196,0.08897940814495087,0.4590274393558502,4356.458602599974
336,-939.5542998725166,0.07303659617900848,0.4421798288822174,4371.969491399999
337,-930.9388475788967,0.0971965491771698,0.46005284786224365,4387.187586000015
338,-992.2966296275673,0.10043340921401978,0.46426528692245483,4401.711398400017
339,-978.8777311293777,0.07222910970449448,0.4504205584526062,4413.025013200007
340,-964.9957403829295,0.07813910394906998,0.4673268496990204,4428.995149299968
341,-913.9093320703962,0.07349497824907303,0.4420345425605774,4444.651626700012
342,-965.8913633460189,0.06314873695373535,0.44103386998176575,4460.126587799983
343,-945.2186606078777,0.06772636622190475,0.44842469692230225,4474.426613399992
344,-956.1527287380594,0.08352260291576385,0.463692843914032,4490.8591771000065
345,-880.6820904401781,0.06434798240661621,0.45361799001693726,4505.481522599992
346,-937.4609771006521,0.10175953060388565,0.45801985263824463,4519.183866699983
347,-986.5282572405594,0.07643663138151169,0.4566938579082489,4531.172809500014
348,-956.2765847039802,0.0720076784491539,0.45457765460014343,4547.581149999984
349,-954.6499844312244,0.06986014544963837,0.4457167983055115,4564.383111800009
350,-918.0157118016062,0.06850554049015045,0.4547913372516632,4575.3574548999895
351,-906.700897652511,0.07657942175865173,0.45238885283470154,4588.465940099966
352,-954.3616273854313,0.07453227043151855,0.44633346796035767,4603.036242800008
353,-994.4665499385163,0.1265086829662323,0.47581756114959717,4614.635522399971
354,-881.7271006576347,0.07460889965295792,0.4504550099372864,4627.108289299998
355,-954.4511199573293,0.0741194412112236,0.44861769676208496,4642.174565099995
356,-959.8642125076715,0.06049457937479019,0.45117345452308655,4656.369790099969
357,-966.9993839515672,0.07495835423469543,0.4477643370628357,4667.688534999965
358,-982.3753489219567,0.07852038741111755,0.45840954780578613,4679.171862399962
359,-975.7936769901851,0.07550014555454254,0.44870123267173767,4692.698564399965
360,-895.3236973669307,0.07749085873365402,0.4535166323184967,4706.522881200013
361,-982.152493441309,0.07533466815948486,0.4547252953052521,4721.47289059998
362,-967.0036790632298,0.07312817871570587,0.4415082037448883,4738.383784300007
363,-946.8208395776346,0.07099532335996628,0.4456521272659302,4754.801669800014
364,-997.6549809545619,0.08728517591953278,0.45613595843315125,4772.095016199979
365,-940.9250606803262,0.09660004824399948,0.46005547046661377,4786.993861299998
366,-940.2421224258587,0.07948659360408783,0.4454686939716339,4801.64908589999
367,-967.5035108266632,0.07583000510931015,0.44411686062812805,4815.883578800014
368,-979.1493020826662,0.07256659865379333,0.4495640993118286,4827.62910630001
369,-906.5062105372399,0.08701962232589722,0.45799747109413147,4841.05240419996
370,-964.6438918293512,0.09570547938346863,0.45262324810028076,4857.697554500017
371,-978.4692535920116,0.07301220297813416,0.4414595663547516,4869.182151799963
372,-953.0266721841407,0.08849307149648666,0.45410841703414917,4882.834633499966
373,-955.1422033619384,0.06817799806594849,0.43077918887138367,4898.267817699991
374,-935.2966190201607,0.07673871517181396,0.4429514706134796,4912.537973299972
375,-979.6776704842312,0.09202821552753448,0.47488346695899963,4923.507450499979
376,-960.5491907410192,0.07240837067365646,0.45167645812034607,4938.457973400014
377,-960.1819692205969,0.07232258468866348,0.444459468126297,4955.330756200012
378,-949.5039933783385,0.09167145937681198,0.4474024474620819,4971.391852599976
379,-925.4924517150688,0.09859130531549454,0.45774099230766296,4986.682065000001
380,-989.7518944462425,0.07809526473283768,0.4456639885902405,4999.776484799979
381,-928.3266323884122,0.07886252552270889,0.4451632499694824,5011.886589200003
382,-957.0801269628184,0.08324332535266876,0.4658709466457367,5027.2409273000085
383,-970.4979699831866,0.07223796844482422,0.45607900619506836,5038.252931999974
384,-944.7327405922782,0.08223745971918106,0.4481333792209625,5050.742085599981
385,-954.7191136297421,0.08715547621250153,0.4596245288848877,5061.015210199985
386,-955.3038927728286,0.06394916772842407,0.44644156098365784,5072.508375899983
387,-962.1053559613558,0.08063741028308868,0.44949212670326233,5086.193712499982
388,-942.5465830728099,0.08139574527740479,0.45486482977867126,5097.281702700013
389,-952.8129153330833,0.08893480896949768,0.4645072817802429,5107.540642699983
390,-954.394564163311,0.07866833359003067,0.45241692662239075,5121.507526199974
391,-1001.9585774418281,0.07881051301956177,0.4488421678543091,5135.727323799976
392,-951.7194656217326,0.06453164666891098,0.45067641139030457,5146.600883600011
393,-921.8445474822413,0.07044517993927002,0.4451127350330353,5156.838145599992
394,-992.7057234487745,0.08846233040094376,0.4608064293861389,5171.324580699962
395,-966.9916937301738,0.07666566967964172,0.4530844986438751,5185.879139499972
396,-926.62283184839,0.07056768238544464,0.44738444685935974,5199.693558099971
397,-935.8180832754027,0.09238411486148834,0.46370363235473633,5213.471540300001
398,-961.2975767468129,0.0986381247639656,0.4552059769630432,5227.689671100001
399,-959.1677006777527,0.06727799773216248,0.44907742738723755,5241.877539500012
400,-924.6816761290626,0.08118429780006409,0.45549049973487854,5255.352459699963
401,-952.7578544651456,0.07202071696519852,0.4546065926551819,5269.4267151000095
402,-915.4574656123748,0.0673966258764267,0.4494844377040863,5283.006828000012
403,-955.6901214028729,0.08955034613609314,0.4610852897167206,5297.192010600003
404,-928.4165020997804,0.0932086929678917,0.4500628113746643,5308.694965999981
405,-939.0658000351041,0.07995828986167908,0.4562153220176697,5318.966748200008
406,-944.6667116539685,0.07546281069517136,0.45241954922676086,5332.041480599961
407,-976.015195340273,0.08042850345373154,0.46181929111480713,5346.019835399988
408,-942.7093584577483,0.07483622431755066,0.44653746485710144,5356.640621599974
409,-913.3007397245832,0.07147888839244843,0.4551248848438263,5367.281045800017
410,-947.56998156669,0.07097230851650238,0.4623711407184601,5377.418202499975
411,-992.4086632296696,0.11324664205312729,0.469239205121994,5389.408533299982
412,-919.5874417654575,0.07393607497215271,0.4546550214290619,5402.739939099993
413,-950.7711590145669,0.08001162856817245,0.4437795877456665,5416.219748899981
414,-917.9851261400478,0.0634046196937561,0.45135074853897095,5428.494832800003
415,-947.5464836779621,0.08174394071102142,0.45537641644477844,5439.482951499987
416,-935.8103473578378,0.06634414941072464,0.448636531829834,5450.1486933999695
417,-928.0941587277156,0.06835835427045822,0.44505998492240906,5463.707847099984
418,-944.6157810648444,0.06924816966056824,0.45077213644981384,5477.432709200017
419,-925.69716704888,0.06727301329374313,0.4531625211238861,5491.007428599987
420,-981.9963683166965,0.06776571273803711,0.445632666349411,5505.274879499979
421,-942.0121000952493,0.05916251987218857,0.44542402029037476,5519.1309375999845
422,-971.2416200309468,0.07266401499509811,0.4365776479244232,5533.781418099999
423,-943.9371285970385,0.07869434356689453,0.45153093338012695,5546.711291999964
424,-960.0413677434933,0.0679825022816658,0.4505547285079956,5558.457975699974
425,-975.5671206691147,0.10596860200166702,0.4564490020275116,5568.777788700012
426,-949.8470653468084,0.0688556507229805,0.44808489084243774,5581.7878776
427,-991.9167263074213,0.0934518575668335,0.4649992883205414,5595.6672884
428,-967.7535249052135,0.07129143178462982,0.44388994574546814,5610.082053699996
429,-922.2859906848032,0.06910216063261032,0.4512178897857666,5623.875829899975
430,-1006.3758301296408,0.07271859794855118,0.4562457501888275,5638.746862199972
431,-920.564268114997,0.06422647088766098,0.4524189233779907,5652.299253200006
432,-949.2472992663214,0.08366464078426361,0.4403260350227356,5666.06554370001
433,-971.6870148056755,0.06430040299892426,0.4444887638092041,5679.079395700013
434,-984.5807260991888,0.0700162798166275,0.4534998834133148,5694.255522299965
435,-902.499925822258,0.09397810697555542,0.45171982049942017,5707.779116299993
436,-949.7126053693146,0.06701883673667908,0.4451028108596802,5721.965137699968
437,-921.1557489400707,0.07181356847286224,0.44699299335479736,5735.998302099993
438,-952.9957703709766,0.07938924431800842,0.46715542674064636,5750.53820000001
439,-938.154045392727,0.07197080552577972,0.4630064070224762,5764.657181999995
440,-958.9203520612924,0.05806120112538338,0.4470131993293762,5778.968472599983
441,-983.8382521602513,0.0697554349899292,0.45272108912467957,5793.0912443000125
442,-968.7706496340984,0.10549819469451904,0.45301029086112976,5804.193474599975
443,-935.8634075861348,0.07713762670755386,0.4470905661582947,5815.255634700006
444,-952.9515847131698,0.07671964168548584,0.4535622298717499,5829.776512999961
445,-949.52247935218,0.08014789968729019,0.4621577560901642,5842.068481199967
446,-940.409703133374,0.0720897912979126,0.45803213119506836,5855.988591199974
447,-945.5285665131634,0.0895949974656105,0.4527575671672821,5870.388271000003
448,-951.3187255919631,0.06979482620954514,0.4406203031539917,5884.634317999997
449,-957.5499113481142,0.0668841004371643,0.4511251449584961,5899.678287099989
450,-983.6931702999367,0.0855209082365036,0.46752476692199707,5914.567715300014
451,-912.8299427052175,0.07171854376792908,0.4408572018146515,5927.524415399996
452,-909.0846641300648,0.0822102352976799,0.4593750238418579,5941.446009000007
453,-962.7976073447796,0.08333086222410202,0.4417370855808258,5955.334131499985
454,-897.8131683653977,0.07579995691776276,0.44436144828796387,5968.632467599993
455,-909.647920842964,0.06948298960924149,0.4595964252948761,5981.891169500013
456,-936.5204143918409,0.07998660206794739,0.45400288701057434,5994.78355589998
457,-933.6365449116539,0.08104578405618668,0.45484650135040283,6008.602472099999
458,-993.569491444215,0.07783079892396927,0.4611153304576874,6022.771817000001
459,-975.1439227010749,0.07860466837882996,0.4489580988883972,6035.960301399988
460,-975.7927944541694,0.06772741675376892,0.46138861775398254,6046.614988399961
461,-921.8830746555201,0.07777564227581024,0.4536992013454437,6059.599226899969
462,-997.9283715468576,0.09375273436307907,0.4652864634990692,6073.753175099962
463,-959.8055668610634,0.08210893720388412,0.4490343928337097,6087.960210499994
464,-959.2668143479198,0.07509461790323257,0.45160266757011414,6101.283329400001
465,-958.2004801898678,0.07680218666791916,0.45231205224990845,6115.372876100009
466,-936.4413078936864,0.06527777016162872,0.4411734640598297,6129.013045499974
467,-948.3896000755939,0.0734979435801506,0.4531541168689728,6142.589915999968
468,-952.3815954496633,0.06372558325529099,0.45019200444221497,6156.5360988000175
469,-941.9695449647209,0.10043253749608994,0.45562946796417236,6170.098998099973
470,-992.7894601188771,0.06638552993535995,0.4523897171020508,6184.721265200002
471,-978.4512953602234,0.07858459651470184,0.45879101753234863,6198.40701679996
472,-977.6061134167212,0.10654042661190033,0.4606589674949646,6212.32562269998
473,-933.8032321537205,0.06933187693357468,0.44671326875686646,6225.1891116999905
474,-944.8568510958888,0.0698835551738739,0.4475284814834595,6235.299673200003
475,-918.7035912109279,0.0838695541024208,0.43609359860420227,6248.651113100001
476,-964.3058117830644,0.09511133283376694,0.4571365416049957,6262.851815200003
477,-999.151972901806,0.06720422953367233,0.4433550238609314,6277.394686999964
478,-958.1092154412704,0.06989126652479172,0.45160800218582153,6291.3723168
479,-949.597701924007,0.06991417706012726,0.4401452839374542,6305.228912299965
480,-925.8232297633456,0.06835545599460602,0.4546014368534088,6319.851025199983
481,-921.4677043404629,0.0754932388663292,0.4415733218193054,6333.850264800014
482,-960.1322797659916,0.07082058489322662,0.4474523067474365,6346.92156659998
483,-970.7158924382767,0.06275968253612518,0.4499609172344208,6357.452986799995
484,-976.3659493110958,0.0759812593460083,0.4501742124557495,6370.631472599984
485,-943.9430319756747,0.08571106195449829,0.4509308934211731,6384.231583199988
486,-991.8818618788742,0.07555448263883591,0.44761884212493896,6398.586328600009
487,-975.4794891594706,0.08590388298034668,0.44359511137008667,6412.484244899999
488,-980.8870340872476,0.06621415913105011,0.45259758830070496,6426.633746200008
489,-971.5144115952872,0.06762305647134781,0.4459344148635864,6440.353504700004
490,-964.7749485181947,0.07467200607061386,0.4478357434272766,6450.719607400009
491,-964.8456936131724,0.07333897799253464,0.4389391839504242,6462.105879399984
492,-938.1692640527177,0.10001102834939957,0.46558916568756104,6472.3194376999745
493,-899.3134021019198,0.07444494962692261,0.4473172724246979,6482.518804499996
494,-930.2358974526799,0.07417865097522736,0.4439602196216583,6494.831243699999
495,-921.5368786980104,0.0701417326927185,0.4476888179779053,6508.492727299978
496,-946.9835765636335,0.07059109956026077,0.44745251536369324,6522.381308400014
497,-972.4137661397059,0.07166637480258942,0.45996350049972534,6536.539939799986
498,-945.8811103226898,0.07755178213119507,0.4558791220188141,6550.650122599967
499,-944.2229653170941,0.0801013708114624,0.4501550495624542,6564.691345200001
500,-931.7874087592263,0.07715727388858795,0.4404710829257965,6575.966314499965
501,-1012.3558801145323,0.07320982217788696,0.450875848531723,6587.628216499987
502,-932.3772692692658,0.07075218856334686,0.45299485325813293,6601.444469499984
503,-942.8027181504862,0.10352516174316406,0.4654936194419861,6615.227861399995
504,-928.9355420389263,0.07300723344087601,0.43689507246017456,6628.377658699988
505,-963.2650217865745,0.06938833743333817,0.4417741000652313,6642.335711399966
506,-965.4986508699931,0.08019115775823593,0.46822530031204224,6653.139812699985
507,-960.4255315684903,0.07094790041446686,0.44744664430618286,6664.708433199965
508,-977.7973069655675,0.07385412603616714,0.4482230544090271,6680.293734800012
509,-923.8273201228892,0.06660982966423035,0.45853886008262634,6693.785066800017
510,-965.7710522138407,0.08505329489707947,0.4528447389602661,6707.639254399983
511,-902.8502298501656,0.08621664345264435,0.4611113667488098,6720.361170499993
512,-971.2229471662855,0.06951852142810822,0.4429906904697418,6733.285521099984
513,-1058.2641087465538,0.06476228684186935,0.45460227131843567,6744.840053499967
514,-994.0280201544012,0.06970714032649994,0.45594191551208496,6759.16797879996
515,-922.7669455838302,0.07968783378601074,0.4517410695552826,6772.917717300006
516,-944.5398642100104,0.08103258162736893,0.4498038589954376,6787.101022899966
517,-955.1640941559485,0.07314897328615189,0.44863197207450867,6800.930486399971
518,-933.2490996784879,0.06798065453767776,0.44446542859077454,6814.891904799966
519,-944.1157832860303,0.06869799643754959,0.44924071431159973,6829.97485649999
520,-946.0209028775308,0.06465568393468857,0.4568976163864136,6843.645532900002
521,-938.3693490877486,0.0724104642868042,0.4427436292171478,6857.342976299988
522,-923.507810191734,0.07592493295669556,0.46040481328964233,6870.806879799988
523,-937.6952893863112,0.07543566823005676,0.4433427155017853,6884.915021499968
524,-929.9979335177999,0.07266835868358612,0.45251619815826416,6898.447160299984
525,-958.9013485035741,0.0703163743019104,0.4453195035457611,6912.509611599962
526,-931.1456485961527,0.06665313243865967,0.45411843061447144,6926.122059200017
527,-909.8194677157609,0.07292862981557846,0.44709885120391846,6939.888499099994
528,-944.4279670543093,0.07418665289878845,0.4422362446784973,6954.120870199986
529,-918.795494968342,0.07150417566299438,0.45962992310523987,6967.540855499974
530,-949.8737012939455,0.0687069222331047,0.4648153483867645,6980.58283259999
531,-937.4997780504842,0.07806861400604248,0.4468187987804413,6991.7743417000165
532,-946.8528572868473,0.059951432049274445,0.4448596239089966,7002.472159099998
533,-971.6856718563909,0.06857316941022873,0.45283493399620056,7016.5231940000085
534,-935.9457901082059,0.0744849294424057,0.44547396898269653,7030.545056100003
535,-916.1542560109193,0.06348399817943573,0.4492735266685486,7044.046513999987
536,-976.4324404831922,0.051732759922742844,0.4412288963794708,7057.522697200009
537,-933.1158434883332,0.08021864295005798,0.4587348699569702,7070.445408199972
538,-942.0039005726643,0.06848201155662537,0.439922571182251,7080.9207284
539,-903.5814706671688,0.07626800984144211,0.4563855528831482,7092.281436699966
540,-944.6343353215294,0.0684988871216774,0.4631696939468384,7106.1853006000165
541,-922.0325793763166,0.07796423882246017,0.44008925557136536,7119.942097699968
542,-945.6830418764278,0.06349477171897888,0.43651336431503296,7133.060653699969
543,-912.7909639303762,0.07619325071573257,0.4460347592830658,7145.401891499991
544,-933.2528399178599,0.06495726108551025,0.4481147229671478,7159.1067843000055
545,-948.5283603604728,0.07332311570644379,0.45500221848487854,7170.382027799962
546,-962.3702021522421,0.08590326458215714,0.44614508748054504,7181.359870399989
547,-936.190693058694,0.06932435184717178,0.4486496150493622,7195.331071399967
548,-962.4073534894966,0.09790118783712387,0.46342718601226807,7209.597499199968
549,-931.6755400905507,0.07618986815214157,0.45406413078308105,7222.420228199975
550,-937.4549868589198,0.06741257011890411,0.4497394859790802,7236.038788400008
551,-978.7881266690101,0.08305706083774567,0.45879197120666504,7246.715006600018
552,-930.352249113464,0.06346707046031952,0.4465813934803009,7257.807360899984
553,-969.6925639535965,0.07517401874065399,0.45098912715911865,7272.098439499969
554,-948.9638132225338,0.06891734898090363,0.4487972557544708,7286.567202500009
555,-966.213708936775,0.07821619510650635,0.4588503837585449,7300.793666200014
556,-951.5904186451716,0.06939870864152908,0.456802636384964,7314.509667299979
557,-981.7382711903027,0.0788913145661354,0.44884994626045227,7328.851179799996
558,-934.8101920438531,0.07401107996702194,0.4503159821033478,7339.1345617999905
559,-891.8558007192291,0.07154765725135803,0.4373700022697449,7350.571810499998
560,-957.9501782842376,0.06476535648107529,0.4431416094303131,7365.078121999977
561,-927.2846953846223,0.06622898578643799,0.45140600204467773,7377.544799999974
562,-943.6232185571026,0.0737900361418724,0.45263418555259705,7391.162963800016
563,-946.1597702749401,0.0684327483177185,0.4534376859664917,7405.624229600013
564,-950.8663578646946,0.07866619527339935,0.4480876624584198,7420.035689099983
565,-989.5428176364529,0.07572013139724731,0.4476689398288727,7434.498301399988
566,-913.9972991411862,0.0650458112359047,0.4504553973674774,7448.302487800014
567,-922.0189634563744,0.07069925963878632,0.4518500864505768,7458.629848300014
568,-1004.2779685569676,0.10728883743286133,0.4722326993942261,7470.092314700014
569,-944.4388343299372,0.07431866228580475,0.4590266942977905,7483.691760699963
570,-948.7797200770041,0.061326608061790466,0.461429238319397,7497.262357099971
571,-927.2321304111083,0.06878497451543808,0.451425701379776,7511.185393499967
572,-951.3414978130382,0.07579076290130615,0.4516583979129791,7525.099516599963
573,-980.1911203100226,0.06801478564739227,0.4499064087867737,7539.59063240001
574,-977.4793244091011,0.07430583983659744,0.45146098732948303,7553.880023400008
575,-959.9748741161028,0.0737488716840744,0.45638057589530945,7564.368410499999
576,-941.311912131767,0.07093387097120285,0.4517636299133301,7576.134443599964
577,-924.0491755064852,0.0646526962518692,0.4432827830314636,7590.405586100009
578,-951.5773042491663,0.07268902659416199,0.450293630361557,7604.317253899993
579,-957.0347945382123,0.0703389123082161,0.4460084140300751,7618.682500399998
580,-945.5530313062478,0.0833306759595871,0.4440680742263794,7632.624847600004
581,-981.927983629447,0.07346584647893906,0.45058539509773254,7643.9175638000015
582,-965.4604360892494,0.06604983657598495,0.4595278203487396,7655.542026299983
583,-948.2658188300807,0.07916802167892456,0.4475119709968567,7666.277785899991
584,-942.2669706516842,0.06615985184907913,0.45392927527427673,7678.059537299967
585,-936.9210795218037,0.06730484217405319,0.4603506326675415,7691.852858199971
586,-927.0820560701226,0.060553498566150665,0.44599011540412903,7702.394090999966
587,-966.1716131989023,0.10265220701694489,0.4710466265678406,7715.611879999982
588,-942.5185942042915,0.09253247082233429,0.45371735095977783,7729.629319600004
589,-946.5182151171643,0.07596833258867264,0.45100638270378113,7743.512488099979
590,-959.5976885450855,0.0657731145620346,0.4444270133972168,7758.071605200006
591,-921.1700222091914,0.07008381932973862,0.4562731683254242,7771.61007569998
592,-973.4673172074894,0.08110466599464417,0.44373011589050293,7786.338606800011
593,-960.2171644078072,0.07397109270095825,0.4423103630542755,7800.687690099992
594,-978.1859926991907,0.09767992049455643,0.4659075438976288,7815.2744497999665
595,-941.924353691515,0.07178270816802979,0.4546077847480774,7829.461904299969
596,-921.5272603472943,0.07373451441526413,0.449018657207489,7843.317775800009
597,-957.2508771374399,0.07060305774211884,0.4343670904636383,7857.956471099984
598,-930.1140083635592,0.07023824006319046,0.44079992175102234,7868.3820748999715
599,-956.7937851020248,0.06884913891553879,0.4535946846008301,7880.347640299995
600,-945.7730591698554,0.08584117144346237,0.45514291524887085,7894.837316799967
601,-972.6347276136106,0.08209212124347687,0.4630609452724457,7908.91852549999
602,-989.8018430426274,0.07374115288257599,0.4549899399280548,7923.258489799977
603,-961.2033795676527,0.1269477903842926,0.4720050096511841,7936.8749335000175
604,-891.5858932072335,0.07636699825525284,0.46079474687576294,7950.1824530999875
605,-964.6201588193858,0.09381313621997833,0.4662700891494751,7964.827025400009
606,-951.7100920276516,0.06907794624567032,0.46698349714279175,7979.01607969997
607,-942.9354722968434,0.06384202837944031,0.4541245996952057,7989.309419700003
608,-966.7053127994623,0.06131499260663986,0.44038957357406616,7999.934646899987
609,-923.4792804262856,0.06857852637767792,0.44950243830680847,8010.800506
610,-996.5441695775261,0.07230837643146515,0.4543514549732208,8025.658829999971
611,-972.5292038810686,0.07144453376531601,0.45143240690231323,8039.793951999978
612,-939.7327539203243,0.08274444937705994,0.4529930651187897,8051.145177599974
613,-966.791362502411,0.07154477387666702,0.4528633654117584,8062.408958100015
614,-967.9072234820491,0.06984862685203552,0.4436381161212921,8077.106643499981
615,-967.4689236503818,0.0935339406132698,0.4591062664985657,8091.834855299967
616,-968.6564238127901,0.07512842863798141,0.4358478784561157,8104.801841899985
617,-987.2056594701199,0.08914919942617416,0.4554252028465271,8117.9115170000005
618,-968.6409125533507,0.07884350419044495,0.4658683240413666,8128.552744999994
619,-961.5568730217092,0.08756937086582184,0.46216627955436707,8141.042779900017
620,-949.9840063072377,0.06365249305963516,0.44769302010536194,8151.687900499965
621,-946.1450869741024,0.08585602045059204,0.4441142976284027,8165.029435899982
622,-966.1214639571082,0.06649164855480194,0.45521777868270874,8180.9050021999865
623,-955.8589915800155,0.06394244730472565,0.45903709530830383,8195.960088299995
624,-960.8229290470962,0.08182762563228607,0.46423518657684326,8210.095846000011
625,-1002.4376414840683,0.07555372267961502,0.45117276906967163,8221.098379299976
626,-991.5900425524953,0.07882040739059448,0.4427921772003174,8234.877415399998
627,-985.4790232215878,0.10964086651802063,0.4636659622192383,8249.682191599975
628,-972.2568370521483,0.07355597615242004,0.4564977288246155,8260.272598100011
629,-941.9756860805417,0.07198455929756165,0.444630891084671,8272.476244499965
630,-994.8299108676298,0.07222957164049149,0.47285372018814087,8287.0880626
631,-936.4557969898889,0.0732702761888504,0.44677335023880005,8300.952787199989
632,-902.9019204301355,0.07708042114973068,0.4431758224964142,8314.524814300006
633,-957.274278565338,0.05856914818286896,0.44504350423812866,8328.494830499985
634,-912.9826669731581,0.06350832432508469,0.443366140127182,8342.618168599962
635,-925.7182212853588,0.06986748427152634,0.4483242332935333,8354.748527499964
636,-975.2610914986327,0.09344853460788727,0.4654671251773834,8365.423380399996
637,-953.9845586242164,0.09901084005832672,0.45645812153816223,8379.642349399976
638,-963.9154482575683,0.05943010747432709,0.4339483380317688,8394.221926499973
639,-977.2931626346375,0.08618361502885818,0.46701785922050476,8407.114327799994
640,-900.4963936872657,0.08734604716300964,0.45012983679771423,8420.473472599988
641,-905.352413276821,0.08635717630386353,0.4511128067970276,8434.313981499989
642,-982.6880278077334,0.07152944803237915,0.4359765350818634,8446.3409216
643,-937.1629740310509,0.08562809228897095,0.47156569361686707,8456.862512699969
644,-956.1528928627254,0.06722535938024521,0.43900424242019653,8471.821086300013
645,-962.7504312601898,0.10391697287559509,0.4544106423854828,8485.584350299963
646,-986.2320153834613,0.06962184607982635,0.46029749512672424,8496.424506300013
647,-958.9280207261846,0.06529177725315094,0.4407241642475128,8509.730658099987
648,-940.9971330968175,0.06279882043600082,0.448930561542511,8524.265388
649,-944.0467437936019,0.07123859226703644,0.44525668025016785,8537.767651300004
650,-981.5888695048934,0.09293939173221588,0.4551558196544647,8551.534010300005
651,-981.6135345924113,0.06718894094228745,0.4587894082069397,8562.5753043
652,-949.7296157644453,0.0713208019733429,0.44991031289100647,8576.181481099979
653,-951.5568573284868,0.06964702904224396,0.457975834608078,8591.044699099963
654,-960.6105044550957,0.07941751182079315,0.45524731278419495,8604.326624699985
655,-943.9844042761492,0.06415659189224243,0.4414868950843811,8619.232826299965
656,-983.0914872246988,0.07066003978252411,0.4434624910354614,8634.460282100015
657,-963.7730032577506,0.07609981298446655,0.4429365396499634,8648.851245399972
658,-948.8606254122793,0.07062645256519318,0.4545687437057495,8663.835567199974
659,-929.1570093674372,0.10478829592466354,0.4539424180984497,8674.906816000002
660,-897.3278301205487,0.08595293760299683,0.44146090745925903,8685.67597729998
661,-920.6425081746102,0.06241209805011749,0.4434778392314911,8697.390373700007
662,-946.0385230949256,0.06544440239667892,0.4560612738132477,8708.117221099965
663,-922.4952236588222,0.07484418153762817,0.4543897211551666,8722.304688600008
664,-964.5915955716977,0.06545085459947586,0.45489856600761414,8733.875015700003
665,-949.2115483835877,0.10075163841247559,0.44918110966682434,8745.222672700009
666,-947.2979033273311,0.06545119732618332,0.4512912333011627,8758.97306499997
667,-962.964057192225,0.10415112227201462,0.4631059467792511,8769.48742379999
668,-909.2786138747958,0.07933211326599121,0.4431442618370056,8781.768113599974
669,-982.8294766517365,0.07899370789527893,0.4673294126987457,8796.731437499984
670,-978.8313337169182,0.08610011637210846,0.45787909626960754,8811.363977200002
671,-947.6794621999642,0.08186592161655426,0.45472779870033264,8825.160254599992
672,-933.290280123794,0.08748172223567963,0.45511433482170105,8839.844885399973
673,-949.7706697298248,0.07480353862047195,0.44912007451057434,8853.750674700015
674,-930.4612238116838,0.05900108069181442,0.45306429266929626,8863.99083809997
675,-895.668194162905,0.07117167115211487,0.45255547761917114,8876.154161999992
676,-910.8336049316204,0.05962221696972847,0.46469366550445557,8890.318648699962
677,-946.0182406720407,0.0720769539475441,0.4479559063911438,8904.480850299995
678,-936.9451231618661,0.06971843540668488,0.45243003964424133,8915.64945919998
679,-946.3319814024443,0.07341520488262177,0.4524024724960327,8926.929192700016
680,-950.7259437764662,0.08726471662521362,0.4668886661529541,8941.09869969997
681,-931.5477410667127,0.08862467110157013,0.45760294795036316,8953.050528699998
682,-978.4329636100011,0.08755127340555191,0.4464466869831085,8963.886881300015
683,-934.1398897984855,0.06771056354045868,0.4568837285041809,8978.04548609996
684,-948.0222895189903,0.06154637038707733,0.45102912187576294,8992.258858099987
685,-935.917323752508,0.06804373115301132,0.44868746399879456,9005.529494100017
686,-959.3628759860758,0.07104486227035522,0.4588857591152191,9016.178421699966
687,-955.3947583393099,0.07808402180671692,0.4496888816356659,9028.721770600008
688,-939.8238709789894,0.0760478600859642,0.4644239544868469,9042.856336599973
689,-911.4588846406219,0.06359053403139114,0.45162832736968994,9056.591173699999
690,-936.28507828584,0.0919666439294815,0.46168455481529236,9070.575672800012
691,-946.1329744710636,0.07782821357250214,0.4589425325393677,9085.17662069999
692,-950.9510461722807,0.07759720832109451,0.4407166838645935,9100.043920999975
693,-938.0391426685271,0.07593348622322083,0.449979692697525,9110.501959599962
694,-940.5004523511878,0.07870715111494064,0.44904419779777527,9122.578592300008
695,-960.0315799449846,0.07222123444080353,0.44809114933013916,9137.230230799993
696,-971.1463532490335,0.05201280117034912,0.452269047498703,9152.319065599993
697,-979.4015906667199,0.10982681065797806,0.4647006690502167,9164.928674699971
698,-978.3994414150843,0.06262741982936859,0.4409921169281006,9176.078936400008
699,-924.2681327304076,0.07420182228088379,0.44741731882095337,9188.655496199965
700,-935.3260710169366,0.06845805048942566,0.4452722668647766,9199.414536099997
701,-952.0283952943902,0.07814040780067444,0.44035688042640686,9211.3000169
702,-937.1875593558223,0.0655740350484848,0.45512667298316956,9225.508531700005
703,-955.4409648843153,0.07259517163038254,0.45206522941589355,9240.327928100014
704,-922.7320608905694,0.07653766870498657,0.45438212156295776,9254.285613299988
705,-985.2564455930368,0.06911224871873856,0.4556633234024048,9268.165561200003
706,-888.8963457269082,0.0732274129986763,0.45099201798439026,9280.846949199971
707,-972.4761722747315,0.07630712538957596,0.4638558626174927,9291.50670269999
708,-960.1103297535406,0.0598362535238266,0.4432263970375061,9304.647083599993
709,-907.0277408022773,0.06916593015193939,0.44682249426841736,9318.118609500001
710,-939.8168460351366,0.06344687193632126,0.45146432518959045,9332.159661600017
711,-910.1691514194723,0.06940136104822159,0.4581606984138489,9346.294765700004
712,-947.6731726482828,0.07676203548908234,0.451477587223053,9360.768278600008
713,-978.5927172511463,0.06236308813095093,0.44780072569847107,9375.750199500006
714,-925.6146527304574,0.07218996435403824,0.44391173124313354,9390.078503099969
715,-932.9900106056795,0.06360364705324173,0.447848916053772,9403.662525199994
716,-936.1288753397243,0.06975725293159485,0.4583314061164856,9417.908824099984
717,-969.2092595685787,0.08710795640945435,0.4653792977333069,9432.440782899968
718,-946.880720270654,0.08407028764486313,0.4616999328136444,9446.599401799962
719,-925.6440999153912,0.07038477063179016,0.4553459882736206,9460.5622248
720,-881.6050422919033,0.05969902500510216,0.45116010308265686,9474.039556399977
721,-956.9071021269903,0.07103284448385239,0.44331198930740356,9488.407891799987
722,-911.1697596801941,0.06332673877477646,0.4467122256755829,9500.166967500001
723,-919.4008328698077,0.06684956699609756,0.4453960061073303,9510.733291100012
724,-931.7279454833703,0.07933167368173599,0.44844308495521545,9524.202237599995
725,-959.8848933259799,0.07646676152944565,0.4546527862548828,9538.831251900003
726,-963.2956478795783,0.09668975323438644,0.4821750521659851,9553.805499900016
727,-1003.9631558387365,0.060646023601293564,0.4295597970485687,9569.19144189998
728,-924.7830723315751,0.08277982473373413,0.45922723412513733,9583.481274799968
729,-937.3083198098205,0.0924593061208725,0.44983184337615967,9596.782398300013
730,-994.9285465242305,0.07552848011255264,0.45978349447250366,9607.882476900006
731,-972.3307968270235,0.08512815833091736,0.4610433280467987,9621.666759499989
732,-957.4936400411295,0.07066511362791061,0.4557594358921051,9636.193588999973
733,-932.7115063984893,0.07506468892097473,0.4594961404800415,9650.595874699997
734,-934.9888875829884,0.06879197061061859,0.44805121421813965,9665.217834800016
735,-933.392210005885,0.06352142989635468,0.4496423304080963,9679.629768199986
736,-989.4630104736984,0.06593246757984161,0.4454039931297302,9694.876596699993
737,-940.9823414800421,0.07186419516801834,0.4558238983154297,9708.892133000016
738,-973.4229827304564,0.08328546583652496,0.4627474844455719,9723.862951999996
739,-909.5331797741306,0.07081376016139984,0.45302614569664,9737.853548499988
740,-945.0373683523306,0.06656252592802048,0.44185566902160645,9752.192692700017
741,-944.5697984417068,0.06920209527015686,0.4455180764198303,9767.063153999974
742,-978.7399686789429,0.07067684829235077,0.4508724808692932,9781.880969499995
743,-977.6511630433447,0.0704687237739563,0.4371223449707031,9796.669069800002
744,-919.2312466500434,0.07658768445253372,0.44620582461357117,9810.47156949999
745,-914.5958240581784,0.06603507697582245,0.4479622542858124,9824.572483099997
746,-931.6375738116872,0.07880996912717819,0.43992024660110474,9838.91624749999
747,-990.723419893276,0.0848357304930687,0.45479848980903625,9853.982079999987
748,-966.2568118482934,0.06121858209371567,0.4548683762550354,9865.428382000013
749,-939.0406653733277,0.05659522861242294,0.4511229395866394,9877.076138500008
750,-995.2732038298282,0.07487154006958008,0.4523862302303314,9892.173865199962
751,-982.8598084090567,0.08387568593025208,0.4542995095252991,9907.241340700013
752,-954.5606785373755,0.07265995442867279,0.4559316337108612,9922.073116799991
753,-975.1536340653264,0.08949240297079086,0.46443745493888855,9936.798984699999
754,-946.4949447203848,0.0793956071138382,0.4506370723247528,9950.848083499994
755,-921.9455678214499,0.06655941158533096,0.44706520438194275,9961.245118399966
756,-970.5346743796403,0.08906929194927216,0.45405861735343933,9972.412556900003
757,-932.2738617801211,0.07536730170249939,0.4456229507923126,9982.901185299968
758,-970.9167418166934,0.05507490038871765,0.4468616545200348,9995.102251300006
759,-955.1150646314294,0.07134928554296494,0.4476255178451538,10005.675461000006
760,-993.0645607296981,0.07513077557086945,0.4738571345806122,10019.994648599997
761,-967.7079860847141,0.06756410002708435,0.4631520211696625,10034.762696299993
762,-955.0829147238228,0.07744279503822327,0.4458753764629364,10045.754007800017
763,-970.7536645120903,0.06970469653606415,0.4426438808441162,10059.41101479996
764,-958.3169121618255,0.06894908845424652,0.4476553201675415,10074.020846400002
765,-970.5541175474599,0.07324007898569107,0.4481104910373688,10088.692966700008
766,-940.793357908238,0.06520508229732513,0.44832414388656616,10103.547992700012
767,-912.4142915474798,0.07543323934078217,0.44935518503189087,10117.90932430001
768,-930.7766235655833,0.08250118046998978,0.46150821447372437,10131.725107699982
769,-945.8787711446396,0.06320826709270477,0.4597635269165039,10146.327772399993
770,-913.9127724747161,0.061885688453912735,0.46139758825302124,10160.623010199983
771,-952.1680342747703,0.07181034982204437,0.44991931319236755,10175.060779499996
772,-945.6958887535969,0.06971333920955658,0.4350495934486389,10186.648034500016
773,-911.2722041705483,0.07320830225944519,0.43985357880592346,10197.368246499973
774,-897.2380472627223,0.060795702040195465,0.4452253580093384,10211.610917099984
775,-948.4619567578005,0.06395399570465088,0.43960636854171753,10226.01196460001
776,-961.237756370198,0.09681568294763565,0.45767807960510254,10240.737489299965
777,-945.2480235977333,0.06248036026954651,0.4447169601917267,10255.079887399974
778,-908.5557950287541,0.06563849747180939,0.4440821707248688,10268.018307599996
779,-985.0703346451988,0.10444185882806778,0.4747272729873657,10283.501623899967
780,-982.8223642748567,0.09670981764793396,0.45523953437805176,10298.690389700001
781,-944.9155637352437,0.07389019429683685,0.4607742428779602,10312.362077899976
782,-996.7059388251382,0.07766023278236389,0.45139771699905396,10325.620658900007
783,-956.9815368982024,0.0879313051700592,0.4516696035861969,10336.421182599966
784,-970.0011508891943,0.09039384126663208,0.4595681130886078,10351.095911699987
785,-925.2137879364313,0.07120604813098907,0.4437984526157379,10365.56686630001
786,-953.4619607280096,0.07000012695789337,0.44886812567710876,10380.514035900007
787,-926.8019171996181,0.06771809607744217,0.4517520070075989,10394.616953699966
788,-960.4738335171043,0.08196745812892914,0.4570901393890381,10408.53613610001
789,-973.5286775678469,0.08305659145116806,0.4640740156173706,10423.34228589997
790,-906.4678452657669,0.06912314146757126,0.45609283447265625,10437.253122899972
791,-929.3319190689184,0.08318082988262177,0.46256083250045776,10451.358353699965
792,-968.6876051911634,0.07294025272130966,0.43945029377937317,10466.534112899972
793,-973.5886322790184,0.0595027357339859,0.44773149490356445,10481.07383139996
794,-962.4718650800826,0.07836194336414337,0.4578131139278412,10496.486756699975
795,-965.1369830774964,0.09101361036300659,0.44981953501701355,10511.757828500005
796,-975.1913699408501,0.07576104253530502,0.4625658094882965,10523.727584599983
797,-942.1174219331037,0.07044363766908646,0.451499879360199,10534.831598699966
798,-929.0152499833448,0.08811844140291214,0.46343421936035156,10549.080604899966
799,-911.437695612486,0.07671640813350677,0.43829408288002014,10561.055686899985
800,-917.8341073971242,0.06799726188182831,0.45418623089790344,10571.623428299965
801,-957.0288742145125,0.06319304555654526,0.4553527534008026,10586.31631580001
802,-964.9290075585847,0.07116948068141937,0.44370532035827637,10601.112026799994
803,-938.3700737424471,0.0798695906996727,0.4578985869884491,10615.973691399966
804,-930.0325268882717,0.05388977378606796,0.4483299255371094,10630.257684500015
805,-974.2156989760124,0.07999579608440399,0.4550325870513916,10642.34012800001
806,-960.7346738753448,0.06309422850608826,0.45394366979599,10653.725945500017
807,-955.1741052156344,0.07638624310493469,0.45380303263664246,10668.767744200013
808,-968.9541829232502,0.0590006560087204,0.4514886140823364,10683.895486399997
809,-952.988216396126,0.08144895732402802,0.45718318223953247,10695.93093979999
810,-965.4515361542678,0.07193857431411743,0.45459944009780884,10708.411964299972
811,-939.4085286726323,0.07012156397104263,0.4515590965747833,10719.36701310001
812,-978.9540206170681,0.06910645216703415,0.4491981565952301,10734.148653100012
813,-988.348852301674,0.07379383593797684,0.46371230483055115,10749.165722900012
814,-974.8384441965002,0.0729009285569191,0.44885778427124023,10763.68626039999
815,-948.5783696241216,0.08096795529127121,0.46374937891960144,10777.95523099997
816,-916.6692009971043,0.06777083873748779,0.4594168961048126,10789.223689100007
817,-961.2196012622992,0.07379616796970367,0.45063573122024536,10801.084067899967
818,-971.2108264655748,0.06754434108734131,0.4398079514503479,10816.08545829996
819,-894.6033193277882,0.06784040480852127,0.44424644112586975,10826.02494470001
820,-970.680088443839,0.08212140947580338,0.46505168080329895,10839.299027499976
821,-940.3669951058739,0.06972616910934448,0.43481504917144775,10854.077975199965
822,-949.6191935366022,0.06287795305252075,0.45182186365127563,10869.294675600016
823,-940.7371374096917,0.06940218061208725,0.44242092967033386,10884.114820799965
824,-976.2177485911405,0.08912646770477295,0.4678437411785126,10898.519246599986
825,-933.4318108639633,0.07715711742639542,0.4414944350719452,10912.927537799987
826,-939.3736425078708,0.06644997000694275,0.4551208019256592,10927.461873399967
827,-935.1615971874927,0.07156530022621155,0.45047348737716675,10941.80431799998
828,-968.93546131725,0.07602879405021667,0.449445903301239,10956.566497199994
829,-926.6434984361067,0.06959265470504761,0.4406268000602722,10971.083860100014
830,-915.4681532477301,0.08932201564311981,0.46128737926483154,10983.688678700011
831,-938.355641212858,0.07018062472343445,0.4678083658218384,10994.70194900001
832,-946.4435606809498,0.07951152324676514,0.4486728310585022,11008.155809899967
833,-910.471324846582,0.0880957841873169,0.4617231786251068,11022.33151509997
834,-968.3639530400101,0.05481652915477753,0.44150909781455994,11037.999343700008
835,-973.4712587381896,0.07278177887201309,0.44479134678840637,11053.066347300017
836,-973.607952697091,0.08597899228334427,0.4572123885154724,11068.449470499996
837,-945.6143016720094,0.07638543099164963,0.4531376361846924,11083.04520719999
838,-950.7857518110771,0.08215432614088058,0.4674857556819916,11097.710160299961
839,-994.1501254863012,0.06684242188930511,0.4623454511165619,11110.586027499987
840,-914.0339014728943,0.07953621447086334,0.4609126150608063,11121.316093700007
841,-967.4547479323668,0.06587669253349304,0.4586257040500641,11136.234120999987
842,-923.997771969568,0.06819795817136765,0.44863173365592957,11150.314287699992
843,-941.1860815045956,0.09430234879255295,0.4604083299636841,11164.905812299985
844,-910.8643280383718,0.07546959817409515,0.45829954743385315,11179.145656800014
845,-942.7261603330505,0.06829595565795898,0.44745519757270813,11193.86311669997
846,-938.0772100953803,0.07137968391180038,0.4490225613117218,11208.705822499993
847,-1029.3009911755228,0.09305496513843536,0.4556314945220947,11224.663706799969
848,-942.6101022342957,0.06893058866262436,0.43827956914901733,11239.302227600012
849,-937.6822568061415,0.06793276965618134,0.45407506823539734,11254.347725
850,-921.4364625379734,0.0710301622748375,0.4442848563194275,11268.840104500006
851,-978.3606106657816,0.06128256767988205,0.4413117468357086,11283.789754399972
852,-989.5365690501366,0.09127657860517502,0.4680197238922119,11298.632973800006
853,-924.3196822071092,0.0904068797826767,0.4584254324436188,11312.43814839999
854,-956.0648298724919,0.06922301650047302,0.44930464029312134,11327.32397550001
855,-1017.8859326646149,0.09738722443580627,0.45915576815605164,11342.654555300018
856,-936.6806896503033,0.07277519255876541,0.4459555149078369,11357.20297569997
857,-958.860434556098,0.09363687038421631,0.4605596363544464,11373.0293237
858,-974.8304535807845,0.07205580919981003,0.45427629351615906,11387.98136189999
859,-959.806668825907,0.06312549114227295,0.4381054937839508,11403.017005099973
860,-909.3008390396495,0.0632244423031807,0.44426724314689636,11417.683207999973
861,-938.465788496989,0.0803653746843338,0.44878387451171875,11432.580139399972
862,-984.9511906563182,0.06979568302631378,0.4468652307987213,11448.120928599965
863,-921.1339556820126,0.06150108948349953,0.4389668405056,11463.0052974
864,-956.8661492171939,0.07892680168151855,0.4402470588684082,11477.825969700003
865,-894.7155633983883,0.06507599353790283,0.44252920150756836,11491.795857199992
866,-959.9410040072053,0.06445328891277313,0.4451097846031189,11506.708299799997
867,-950.5397311402845,0.0649748146533966,0.44114652276039124,11521.5380994
868,-960.5621582476447,0.06385722011327744,0.44735491275787354,11536.039330300002
869,-915.6615270459614,0.06496617197990417,0.4545440375804901,11547.727930599998
870,-939.2266430285675,0.07094958424568176,0.4531228244304657,11560.314946400002
871,-944.7006709589693,0.09369437396526337,0.458919882774353,11573.424030499998
872,-905.52002130549,0.0644693449139595,0.46567651629447937,11584.15991019999
873,-956.6091617503179,0.09253833442926407,0.44802355766296387,11598.438215399976
874,-935.7087231726019,0.07218583673238754,0.44463422894477844,11613.289368700003
875,-963.1950204422047,0.07724571973085403,0.4552766978740692,11627.849461100006
876,-991.6030980294319,0.10354945063591003,0.4706619381904602,11641.044641099987
877,-917.1043127198071,0.07188277691602707,0.45416152477264404,11651.617610699963
878,-937.350964728496,0.07164140045642853,0.45455485582351685,11666.028284400003
879,-921.6451901309363,0.07441533356904984,0.45584073662757874,11680.648981800012
880,-947.4677002708328,0.06881345808506012,0.44646134972572327,11695.662275800016
881,-930.4891200524775,0.06896578520536423,0.4426864981651306,11709.787157599989
882,-950.4291030075648,0.06785103678703308,0.4490479528903961,11720.630941900017
883,-917.5201095362196,0.07355165481567383,0.4443809986114502,11733.28304119996
884,-913.7164576367277,0.056632354855537415,0.4377131760120392,11744.108798099973
885,-905.2492374242971,0.0853249728679657,0.4589585065841675,11756.687573099975
886,-958.3165211218596,0.06442456692457199,0.44158920645713806,11771.41566379997
887,-964.2195494473142,0.05548590421676636,0.44968393445014954,11786.389377499989
888,-915.9597845836191,0.06607978045940399,0.45573288202285767,11800.511357499985
889,-982.2982648104006,0.06155038997530937,0.4473596513271332,11815.395273200003
890,-954.9608891757439,0.07779306173324585,0.45446205139160156,11829.963212299976
891,-918.065017039175,0.0751161277294159,0.45263078808784485,11844.01368199999
892,-958.2749965305824,0.07081670314073563,0.4545750916004181,11858.861711099977
893,-944.3613148561972,0.07767906785011292,0.4622812569141388,11873.75865839998
894,-914.3359757939367,0.05715236812829971,0.45262590050697327,11888.419621100009
895,-865.7059088679729,0.06775839626789093,0.44888201355934143,11902.273053099983
896,-1008.2716843071515,0.07474377751350403,0.4460679590702057,11917.86753280001
897,-920.9826317656821,0.07105138897895813,0.4496399164199829,11932.561082899978
898,-932.2579635703157,0.059116967022418976,0.4504605829715729,11946.842839199991
899,-1001.1350897303672,0.0907108262181282,0.46205735206604004,11962.030744699994
900,-981.4399706550756,0.06870048493146896,0.44485947489738464,11973.377964999992
901,-952.1418396326143,0.07259459793567657,0.4475901424884796,11987.793126299977
902,-973.6637328540612,0.053081970661878586,0.44013139605522156,12003.46039979998
903,-960.6672710530435,0.08605143427848816,0.45779213309288025,12018.065324699972
904,-927.3548922386407,0.08039064705371857,0.45160582661628723,12032.402118299971
905,-985.3746849858685,0.06317191570997238,0.45684683322906494,12048.059534
906,-953.2846074505566,0.06347034871578217,0.4520363211631775,12063.202520799998
907,-961.3098694300826,0.09087929129600525,0.4645039439201355,12077.79761249997
908,-950.2917918640509,0.09163479506969452,0.4680496156215668,12091.315056099964
909,-922.4441256559375,0.06519708037376404,0.44458383321762085,12102.464664899977
910,-959.970719965852,0.07058633863925934,0.442238986492157,12116.915609699965
911,-900.5460265861326,0.07775387167930603,0.45475730299949646,12130.9948629
912,-984.594076865677,0.08667309582233429,0.4445849657058716,12146.590092399972
913,-964.7878305911703,0.07149638235569,0.448458731174469,12158.215909199964
914,-945.963374567874,0.07175267487764359,0.4498021602630615,12171.071614100016
915,-948.3949961229257,0.0646505355834961,0.45033952593803406,12187.659593899967
916,-1017.1827350566522,0.060637377202510834,0.4373374581336975,12203.38008490001
917,-945.9793904897596,0.057680606842041016,0.44898509979248047,12218.240372399974
918,-909.8979675680541,0.05896829068660736,0.44718867540359497,12232.539366199984
919,-978.949763020918,0.07627814263105392,0.44912487268447876,12247.84632740001
920,-936.0079983360365,0.06376348435878754,0.44644445180892944,12261.790358399972
921,-933.5752339679802,0.07012179493904114,0.4520889222621918,12274.110947999987
922,-968.3035441688953,0.06415840238332748,0.4369433522224426,12285.599422500003
923,-911.8868292266931,0.07515835016965866,0.4560314118862152,12298.638182999974
924,-942.3093540332524,0.06479194760322571,0.4418472945690155,12313.052362599992
925,-974.4678176394307,0.09403201937675476,0.465831458568573,12327.933116199973
926,-958.7432939165478,0.06296564638614655,0.4462433159351349,12342.613264299987
927,-954.2490786902516,0.057370223104953766,0.44884923100471497,12358.098991799983
928,-926.2732008395301,0.0673062801361084,0.45289361476898193,12372.98277599999
929,-956.2744380985482,0.06334920227527618,0.4534808099269867,12387.31972510001
930,-939.0871373598932,0.07575414329767227,0.47047650814056396,12401.894155699993
931,-950.2661718341825,0.06673677265644073,0.45633357763290405,12416.652246700018
932,-981.1841629134694,0.060915157198905945,0.440569132566452,12432.64318959997
933,-991.9918727130631,0.09042534977197647,0.474046915769577,12447.847197099996
934,-997.9663417360017,0.09792108833789825,0.4628537893295288,12462.075734000013
935,-991.9566365408016,0.0908743143081665,0.45743831992149353,12473.586960999994
936,-978.4056828713842,0.05956422910094261,0.45253491401672363,12488.53794379998
937,-959.3350182973311,0.0696677714586258,0.4378218948841095,12503.91741319996
938,-933.9886294616929,0.06665988266468048,0.45033663511276245,12517.524224099994
939,-936.6503939543414,0.0827237144112587,0.4628627598285675,12531.737298399967
940,-929.463809203473,0.06535384804010391,0.45444127917289734,12546.35822579998
941,-964.5393335765174,0.09161919355392456,0.4518900513648987,12561.201557499997
942,-968.9394670610939,0.060058824717998505,0.4406105577945709,12576.122758299985
943,-942.2480369019157,0.060621052980422974,0.4523995518684387,12590.81670560001
944,-930.0882458053065,0.07046043127775192,0.4558531641960144,12605.611017899995
945,-995.5124469470624,0.08054319024085999,0.4590654969215393,12620.851821899996
946,-934.0976735360002,0.06722817569971085,0.447919636964798,12631.682848499971
947,-934.4313329713812,0.05771525204181671,0.43452632427215576,12644.584559099982
948,-964.6568475628933,0.06438213586807251,0.44972914457321167,12659.956410499988
949,-924.6368359586471,0.06639636307954788,0.44517990946769714,12674.616554900014
950,-980.7037011769912,0.0988602489233017,0.4648432433605194,12689.815016000008
951,-996.2325615557093,0.08242174983024597,0.44896793365478516,12705.910020600015
952,-968.3343943699834,0.06906183063983917,0.44676902890205383,12720.921136399964
953,-924.5905200892338,0.07271767407655716,0.44384822249412537,12735.826295899984
954,-965.9658027524088,0.07315905392169952,0.46459102630615234,12750.832756899996
955,-996.7858680628094,0.09274685382843018,0.4617350995540619,12764.52357749996
956,-926.42417432863,0.06269415467977524,0.4425240457057953,12775.554964500014
957,-958.7376015864738,0.07441677898168564,0.4512231945991516,12790.851282799966
958,-929.9708519161602,0.059186723083257675,0.4550427496433258,12805.486895799986
959,-919.3413448438113,0.06776684522628784,0.4569024443626404,12819.878179099993
960,-938.4123325315692,0.08048862218856812,0.45971542596817017,12834.290731899964
961,-912.7694218159279,0.07107999920845032,0.44034120440483093,12848.032100700017
962,-945.2636713621471,0.06497033685445786,0.44753843545913696,12862.44264209998
963,-976.6844053935333,0.06118478626012802,0.4492856562137604,12877.560244799999
964,-968.4781871885111,0.06662428379058838,0.45402151346206665,12892.342292599962
965,-989.268096934652,0.07629550248384476,0.44236263632774353,12909.404098399973
966,-946.7159903841708,0.07277151942253113,0.4512898027896881,12923.804398700013
967,-961.1274536968167,0.07310068607330322,0.45783641934394836,12938.469380099967
968,-973.6351868774437,0.0672530084848404,0.45572322607040405,12953.881148100016
969,-933.3033755204567,0.07899923622608185,0.44739267230033875,12968.363580400008
970,-937.8536570406972,0.05884067714214325,0.442463755607605,12982.90857510001
971,-991.6055080093365,0.06077313423156738,0.4384213984012604,12998.592020899989
972,-948.1833997422164,0.07050485908985138,0.4462181031703949,13013.227302399988
973,-914.0084994817461,0.05490289628505707,0.44831332564353943,13027.73907499999
974,-983.3553571555632,0.07961069792509079,0.4513934552669525,13043.145920199982
975,-930.4761282642692,0.06672611087560654,0.4569031000137329,13057.681114999985
976,-918.484138240344,0.07292893528938293,0.44786539673805237,13072.333144999982
977,-891.9474232305494,0.06824283301830292,0.45581942796707153,13086.381524799974
978,-956.2512217242817,0.07710222899913788,0.4483675956726074,13101.528576000012
979,-1011.8439866729121,0.05986972153186798,0.44697800278663635,13117.351958199986
980,-979.3800884661966,0.0694812759757042,0.4558366537094116,13132.412396700005
981,-940.1384596652977,0.06817056238651276,0.45327362418174744,13146.98686299997
982,-947.8565006995398,0.07621297985315323,0.4534169137477875,13160.75807749998
983,-957.0300854670477,0.0608166828751564,0.45501604676246643,13172.413893999998
984,-937.6190850735861,0.07260213047266006,0.46649205684661865,13187.256860999973
985,-969.0409621230723,0.06365172564983368,0.4504503309726715,13202.381751700013
986,-1019.9415264040753,0.07609140872955322,0.4545201063156128,13218.740329399996
987,-921.4837540089146,0.07551081478595734,0.4485173523426056,13232.968954299984
988,-960.1691888201317,0.06927147507667542,0.44591039419174194,13248.134676599992
989,-944.4669790988703,0.061838846653699875,0.4460412263870239,13262.555917799997
990,-941.5708796170019,0.0704708993434906,0.44697847962379456,13276.861776400008
991,-933.9605122830822,0.08300706744194031,0.4551335871219635,13288.484504699998
992,-954.1140972911331,0.06494185328483582,0.4511485993862152,13301.947827800002
993,-946.9130823048057,0.06617498397827148,0.4526975452899933,13317.037814599986
994,-953.221221150507,0.08413802087306976,0.4562202990055084,13331.781396400009
995,-1028.9334873155785,0.10256382822990417,0.46826842427253723,13347.52347429999
996,-974.6694814850113,0.060998838394880295,0.4558580815792084,13362.945659499965
997,-961.4292317242046,0.06911343336105347,0.445085346698761,13377.75680969999
998,-921.4608263207933,0.08338741958141327,0.46238595247268677,13391.709387600014
999,-904.01593921684,0.06066540628671646,0.4403914511203766,13406.098468000011
