episode_idx,total_reward,actor_loss,critic_loss,epsilon
0,-1199.34840049031,0.040756650269031525,0.3780733346939087,1.5
1,-1082.5857136835473,0.08111926168203354,0.37603384256362915,1.5
2,-1131.9171498371525,0.12979726493358612,0.3117309808731079,1.5
3,-1080.5108915489247,0.13606159389019012,0.22493720054626465,1.5
4,-1084.9343917022645,0.13938167691230774,0.2056596428155899,1.5
5,-1004.7186865530327,0.1311561018228531,0.16803140938282013,1.5
6,-985.8707010497105,0.11512574553489685,0.12918584048748016,1.5
7,-978.7058694026091,0.09827177226543427,0.1388668417930603,1.5
8,-972.8905026936351,0.11564832925796509,0.14985999464988708,1.5
9,-946.057598420091,0.11248055100440979,0.2024265080690384,1.5
10,-950.072952258607,0.10182490944862366,0.254183828830719,1.5
11,-979.6078988519176,0.09818405658006668,0.29643601179122925,1.5
12,-989.2262779590645,0.07425548136234283,0.3146842420101166,1.5
13,-957.7599730503265,0.07685934752225876,0.382284939289093,1.5
14,-985.9048770252085,0.08313778042793274,0.3946751654148102,1.5
15,-982.2571181806945,0.09870532155036926,0.4074961841106415,1.5
16,-935.1225556988712,0.09629978239536285,0.4094023108482361,1.5
17,-950.6536130621244,0.09487567096948624,0.40827441215515137,1.5
18,-950.3927362541284,0.08965467661619186,0.4110024869441986,1.5
19,-942.3335051247464,0.07523788511753082,0.4345690906047821,1.5
20,-953.8346770478032,0.08138427138328552,0.42973506450653076,1.5
21,-911.9306078666635,0.07052330672740936,0.44469398260116577,1.5
22,-983.7260837538079,0.09049729257822037,0.4401979148387909,1.5
23,-927.4692214589392,0.07560467720031738,0.4370887875556946,1.5
24,-950.1560279300566,0.0679069384932518,0.431438684463501,1.5
25,-963.0084223713761,0.08614063262939453,0.443541020154953,1.5
26,-966.5682696973587,0.08232100307941437,0.4392532408237457,1.5
27,-938.9100568454919,0.06949125975370407,0.43579497933387756,1.5
28,-979.8563024193677,0.07356854528188705,0.43372827768325806,1.5
29,-929.4440834804292,0.07298120856285095,0.4320756793022156,1.5
30,-945.4846358038805,0.07144264876842499,0.4356440603733063,1.5
31,-956.0725006727172,0.0853060707449913,0.4390202462673187,1.5
32,-947.5965579753821,0.07472579181194305,0.4403475821018219,1.5
33,-972.8977921970554,0.07557431608438492,0.4527026116847992,1.5
34,-979.1913390877061,0.07349362969398499,0.4441734254360199,1.5
35,-888.2589600325873,0.0698026493191719,0.45430198311805725,1.5
36,-972.5032594452927,0.08347427845001221,0.4439399540424347,1.5
37,-966.6191303974452,0.08390307426452637,0.4489929676055908,1.5
38,-949.0165126992567,0.07232490181922913,0.4333571791648865,1.5
39,-949.5342112832121,0.06463463604450226,0.4543860852718353,1.5
40,-892.9590739432164,0.07843384146690369,0.4543403387069702,1.5
41,-965.0587496385715,0.09636818617582321,0.45906010270118713,1.5
42,-989.4629679298864,0.07434195280075073,0.455557644367218,1.5
43,-1022.9652707941997,0.07693066447973251,0.44757193326950073,1.5
44,-968.2636944967164,0.07652758806943893,0.4457075595855713,1.5
45,-938.1054027240572,0.08282514661550522,0.4492926597595215,1.5
46,-914.9522724322643,0.07143363356590271,0.4491770565509796,1.5
47,-965.8546883254782,0.07465726137161255,0.4456072151660919,1.5
48,-1022.7720409124956,0.06799684464931488,0.46860432624816895,1.5
49,-951.7066730532324,0.07653628289699554,0.4525615870952606,1.5
50,-947.0208781272952,0.07972516119480133,0.44567590951919556,1.5
51,-920.0100848976233,0.07855464518070221,0.43167784810066223,1.5
52,-992.2063201140576,0.08640117943286896,0.46572476625442505,1.5
53,-942.5173930401104,0.07910272479057312,0.44345182180404663,1.5
54,-956.5230397356099,0.0831010565161705,0.46082648634910583,1.5
55,-947.8753288476697,0.06734193861484528,0.4405685067176819,1.5
56,-946.5915697335713,0.07468618452548981,0.44655463099479675,1.5
57,-954.8815172381563,0.07967358082532883,0.4483529329299927,1.5
58,-916.6976149709257,0.0730302706360817,0.4404461085796356,1.5
59,-943.7310409863077,0.07087697833776474,0.4500363767147064,1.5
60,-915.9242025389742,0.07201268523931503,0.45617637038230896,1.5
61,-929.9989722661658,0.08290718495845795,0.46098074316978455,1.5
62,-905.7802530466885,0.07555483281612396,0.4448477625846863,1.5
63,-928.8800895683164,0.08094347268342972,0.44399622082710266,1.5
64,-907.6587021642224,0.07621601223945618,0.4410487413406372,1.5
65,-979.1568182622493,0.08391952514648438,0.45984548330307007,1.5
66,-917.7456890628686,0.07892754673957825,0.45254138112068176,1.5
67,-957.3510014378726,0.07944387197494507,0.45587942004203796,1.5
68,-981.714496296712,0.07398442178964615,0.44781890511512756,1.5
69,-988.3303791511606,0.07963357865810394,0.43442270159721375,1.5
70,-961.7948845410591,0.07404834777116776,0.452031672000885,1.5
71,-964.5907627504671,0.08029237389564514,0.44607701897621155,1.5
72,-927.7186631339275,0.07227395474910736,0.4432635009288788,1.5
73,-943.3336220034836,0.07762062549591064,0.43998461961746216,1.5
74,-980.907642873433,0.08992978930473328,0.45857712626457214,1.5
75,-971.8999800203552,0.07679852843284607,0.44760817289352417,1.5
76,-967.767689786236,0.0721939280629158,0.45901429653167725,1.5
77,-930.9347462209556,0.07203231006860733,0.4511835277080536,1.5
78,-959.2911075461975,0.07467883825302124,0.4453375041484833,1.5
79,-987.1282619617583,0.08734402060508728,0.46023130416870117,1.5
80,-967.3468774968429,0.07725066691637039,0.44377532601356506,1.5
81,-915.3362733292981,0.06755448132753372,0.4463143050670624,1.5
82,-954.8848323803459,0.0694795474410057,0.44898721575737,1.5
83,-982.3555029687434,0.0779649093747139,0.44258108735084534,1.5
84,-950.95921548946,0.07532794773578644,0.4426298141479492,1.5
85,-973.7045078569282,0.0598437562584877,0.44755819439888,1.5
86,-959.7031615710944,0.07494814693927765,0.44701817631721497,1.5
87,-927.7411004982753,0.07681731879711151,0.4431869089603424,1.5
88,-969.0627661447111,0.08376526832580566,0.44548237323760986,1.5
89,-909.9927571180281,0.0712290033698082,0.4455662965774536,1.5
90,-943.7101488750094,0.07891888916492462,0.4536641240119934,1.5
91,-965.9192669060468,0.06499796360731125,0.43985605239868164,1.5
92,-909.5719663998924,0.07075785100460052,0.46007081866264343,1.5
93,-940.214380968604,0.08757341653108597,0.4730609953403473,1.5
94,-999.1643720394768,0.07461535185575485,0.438455194234848,1.5
95,-963.3560528964779,0.08629453182220459,0.45986703038215637,1.5
96,-927.2000137973241,0.08225934952497482,0.4451124370098114,1.5
97,-894.2387400737639,0.07332359999418259,0.45216089487075806,1.5
98,-950.2314073584467,0.0758509412407875,0.44601115584373474,1.5
99,-958.8676300386395,0.09143323451280594,0.4575178921222687,1.5
