step,x,y,velocity,reward,done,progress,corner_phase,turn_sign
0,0.0,0.0,0.0,0.0,False,0.0,unknown,0
1,2e-05,0.0,0.02,-1.04999,False,5.000000000000007e-07,False,0
2,7.999999999997e-05,6.000000000837668e-11,0.06,-1.099970000002,False,1.999999999999253e-06,False,0
3,0.00019999999999943002,4.200000000048661e-10,0.12,-1.0999400000180004,False,4.999999999985757e-06,False,0
4,0.00039999999999583,1.6199999999877641e-09,0.2,-1.0999000000720018,False,9.999999999895765e-06,False,0
5,0.0006999999999808301,4.619999999957418e-09,0.30000000000000004,-1.0998500002000078,False,1.7499999999520778e-05,False,0
6,0.0011199999999335802,1.0919999999669182e-08,0.42000000000000004,-1.0997900004500247,False,2.7999999998339544e-05,False,0
7,0.0016799999998101003,2.267999999870778e-08,0.56,-1.0997200008820665,False,4.199999999525256e-05,False,0
8,0.0023999999995278605,4.283999999601376e-08,0.7200000000000001,-1.0996400015681576,False,5.999999998819659e-05,False,0
9,0.003299999998944661,7.523999998914769e-08,0.9000000000000001,-1.099550002592342,False,8.249999997361664e-05,False,0
10,0.004399999997830912,1.2473999997252147e-07,1.1,-1.0994500040506952,False,0.00010999999994577293,False,0
11,0.005719999995976972,1.9469999993958206e-07,1.32,-1.099340005619264,False,0.00014299999989942448,False,0
12,0.007279999993168972,2.882999998833425e-07,1.56,-1.0992200072021427,False,0.00018199999982922456,False,0
13,0.009099999989205012,4.084199997959524e-07,1.82,-1.0990900087154647,False,0.00022749999973012563,False,0
14,0.011199999983911963,5.575199996710076e-07,2.1,-1.0989500100874094,False,0.0002799999995977994,False,0
15,0.013599999977161962,7.375199995018381e-07,2.4,-1.09880001125821,False,0.00033999999942904957,False,0
16,0.016319999968887722,9.49679999286165e-07,2.7199999999999998,-1.098640012180154,False,0.0004079999992221935,False,0
17,0.01937999995909572,1.1944799990252898e-06,3.0599999999999996,-1.0984700128175786,False,0.00048449999897739364,False,0
18,0.02279999994787641,1.47149999872312e-06,3.4199999999999995,-1.098290013146857,False,0.0005699999986969109,False,0
19,0.026599999935410512,1.779299998387376e-06,3.7999999999999994,-1.0981000131563743,False,0.0006649999983852637,False,0
20,0.030799999921970512,2.115299998029312e-06,4.199999999999999,-1.0979000128464933,False,0.0007699999980492638,False,0
21,0.03541999990791647,2.475659997662985e-06,4.619999999999999,-1.0976900122295061,False,0.0008854999976979129,False,0
22,0.04047999989368522,2.855159997306319e-06,5.06,-1.0974700113295772,False,0.0010119999973421318,False,0
23,0.04599999987977206,3.2470799969778924e-06,5.52,-1.097240010182677,False,0.0011499999969943032,False,0
24,0.05199999986670406,3.6430799966897933e-06,6.0,-1.0970000088365077,False,0.0012999999966676033,False,0
25,0.058499999855004065,4.033079996455462e-06,6.5,-1.0967500073504344,False,0.0014624999963751037,False,0
26,0.06551999984514448,4.405139996280283e-06,7.02,-1.096490005795421,False,0.0016379999961286143,False,0
27,0.07307999983748997,4.745339996166016e-06,7.56,-1.0962200042539896,False,0.0018269999959372517,False,0
28,0.08119999983222821,5.037659996104068e-06,8.12,-1.0959400028202133,False,0.0020299999958057076,False,0
29,0.08989999982928762,5.263859996079292e-06,8.7,-1.0956500015997657,False,0.0022474999957321938,False,0
30,0.09919999982823684,5.403662047988622e-06,9.299999999999999,-1.0921548739421154,False,0.002479999995705924,False,0
31,0.10911999982810959,5.4539064254111925e-06,9.919999999999998,-1.095040000315772,False,0.002727999995702744,False,0
32,0.11967999982802917,5.412695350650345e-06,10.559999999999999,-1.0947200002909205,False,0.002991999995700733,False,0
33,0.1308999998272387,5.2795129947432955e-06,11.219999999999999,-1.0943900005299554,False,0.0032724999956809725,False,0
34,0.1427999998251273,5.055345477448704e-06,11.899999999999999,-1.0940500009379357,False,0.003569999995628188,False,0
35,0.15539999982125097,4.7428008672537935e-06,12.599999999999998,-1.093700001432475,False,0.00388499999553128,False,0
36,0.16871999981534747,4.346229181367201e-06,13.319999999999999,-1.0933400019436816,False,0.004217999995383693,False,0
37,0.18277999980734452,3.87184238571081e-06,14.059999999999999,-1.0929700024140545,False,0.004569499995183619,False,0
38,0.19759999979735987,3.327834394930302e-06,14.819999999999999,-1.0925900027983415,False,0.004939999994934003,False,0
39,0.21319999978569285,2.7245010723890422e-06,15.599999999999998,-1.0922000030633592,False,0.005329999994642329,False,0
40,0.22959999977147308,2.0415602301908518e-06,16.4,-1.0918000035123931,False,0.005739999994286835,False,0
41,0.24681999975356173,1.2561516291781184e-06,17.22,-1.0913900041835725,False,0.006170499993839052,False,0
42,0.264879999730462,3.427169789142412e-07,18.06,-1.090970005128817,False,0.00662199999326156,False,0
43,0.2837999997020919,-6.933936994874078e-07,18.919999999999998,-1.071161368869826,False,0.007094999992552308,False,0
44,0.3035999996688484,-1.8407574629832116e-06,19.799999999999997,-1.0901000067626045,False,0.00758999999172122,False,0
45,0.3242999996314235,-3.0855024651721555e-06,20.699999999999996,-1.089650007335199,False,0.008107499990785598,False,0
46,0.3459199995906436,-4.413403485405383e-06,21.619999999999997,-1.0794674826831916,False,0.0086479999897661,False,0
47,0.3684799995466721,-5.821947171946543e-06,22.56,-1.0424192482633179,False,0.009211999988666815,False,0
48,0.3919999995002526,-7.299638944855259e-06,23.52,-1.0576984731658041,False,0.009799999987506329,False,0
49,0.4164999994522618,-8.833115218125136e-06,24.5,-1.0574533188283253,False,0.01041249998630656,False,0
50,0.4419999994036778,-1.0407212831387643e-05,25.5,-1.0568054702718364,False,0.01104999998509196,False,0
51,0.46851999935554156,-1.2005069062215788e-05,26.52,-1.055760821762243,False,0.011712999983888556,False,0
52,0.49607999930891244,-1.3608252232958408e-05,27.56,-1.0543406880586788,False,0.012401999982722829,False,0
53,0.5246999992648196,-1.5196922477345587e-05,28.619999999999997,-1.0525809546609977,False,0.013117499981620508,False,0
54,0.5543999992242116,-1.67500217743276e-05,29.699999999999996,-1.0505306471678133,False,0.013859999980605308,False,0
55,0.5851999991879059,-1.8245491895770798e-05,30.799999999999997,-1.0482499767803117,False,0.014629999979697668,False,0
56,0.6171199991565415,-1.966051845714654e-05,31.919999999999998,-1.045807939871358,False,0.015427999978913559,False,0
57,0.6501799991305364,-2.097179881308364e-05,33.059999999999995,-1.0432795673176694,False,0.01625449997826343,False,0
58,0.6843999991100522,-2.2155831108775294e-05,34.21999999999999,-1.040742933255339,False,0.01710999997775133,False,0
59,0.719799999094969,-2.3189221390564865e-05,35.39999999999999,-1.0382760425103532,False,0.01799499997737425,False,0
60,0.7563999990848702,-2.4049005300867628e-05,36.599999999999994,-1.035953720792376,False,0.018909999977121783,False,0
61,0.7942199990790417,-2.4712980540089814e-05,37.81999999999999,-1.0338446316299126,False,0.01985549997697607,False,0
62,0.8332799990764832,-2.5160045976991674e-05,39.059999999999995,-1.0320085389723859,False,0.02083199997691211,False,0
63,0.8735999990759338,-2.5370543034542893e-05,40.31999999999999,-1.0304939245903695,False,0.021839999976898377,False,0
64,0.9151999990759105,-2.5326594775917e-05,41.599999999999994,-1.0293360552608433,False,0.022879999976897797,False,0
65,0.9580999990747603,-2.5012437968043333e-05,42.89999999999999,-1.028555576792617,False,0.023952499976869043,False,0
66,1.002319999070721,-2.441474331350273e-05,44.21999999999999,-1.0281576909436827,False,0.02505799997676806,False,0
67,1.0478799990619925,-2.352291901668112e-05,45.559999999999995,-1.0281319480442006,False,0.02619699997654985,False,0
68,1.0947999990468122,-2.232939289022987e-05,46.919999999999995,-1.0284526635925526,False,0.027369999976170345,False,0
69,1.143099999023535,-2.08298683142109e-05,48.3,-1.0290799422160604,False,0.02857749997558842,False,0
70,1.1927999989907103,-1.902354953295263e-05,49.699999999999996,-1.0299612681742418,False,0.0298199999747678,False,0
71,1.2439199989471557,-1.6913332013808687e-05,51.12,-1.0310335989962898,False,0.031097999973678937,False,0
72,1.2964799988920237,-1.4505953895910073e-05,52.559999999999995,-1.032225878785901,False,0.03241199997230064,False,0
73,1.3504999988248558,-1.1812104923685335e-05,54.019999999999996,-1.0334618709960468,False,0.033762499970621446,False,0
74,1.4059999987456226,-8.846489687022004e-06,55.49999999999999,-1.0346631977397287,False,0.03514999996864061,False,0
75,1.4629999986547482,-5.627842471992788e-06,56.99999999999999,-1.035752464469036,False,0.03657499996636875,False,0
76,1.521519998553114,-2.178891560215443e-06,58.519999999999996,-1.0366563454514297,False,0.0380379999638279,False,0
77,1.5815799984420449,1.4737286058244463e-06,60.059999999999995,-1.0373085070349233,False,0.039539499961051175,False,0
78,1.643199998323273,5.2996183551135e-06,61.62,-1.03765225216095,False,0.041079999958081884,False,0
79,1.7063999981988844,9.264807130303544e-06,63.199999999999996,-1.0376427806964346,False,0.042659999954972175,False,0
80,1.771199998071245,1.3332000875664986e-05,64.8,-1.0372489754728018,False,0.04427999995178119,False,0
81,1.8376199979429126,1.7460881413199947e-05,66.42,-1.0364546428282815,False,0.04594049994857288,False,0
82,1.9056799978165362,2.160845604726333e-05,68.06,-1.0352591581969237,False,0.047641999945413474,False,0
83,1.9753999976947445,2.5729454936732e-05,69.72,-1.0336774910068742,False,0.04938499994236868,False,0
84,2.0467999975800333,2.9776773081211952e-05,71.4,-1.0317396078952914,False,0.0511699999395009,False,0
85,2.11989999747465,3.370195309370216e-05,73.10000000000001,-1.0294892780318854,False,0.05299749993686633,False,0
86,2.1947199973804867,3.74557042861581e-05,74.82000000000001,-1.0269823281792116,False,0.054867999934512246,False,0
87,2.27127999729898,4.098845298380327e-05,76.56,-1.0242844170548204,False,0.05678199993247458,False,0
88,2.34959999723103,4.4250918420095405e-05,78.32000000000001,-1.021468417724736,False,0.05873999993077584,False,0
89,2.429659997176963,4.7193237995124876e-05,80.06,-1.0186315123825294,False,0.06074149992942415,False,0
90,2.511439997136441,4.9767678024336416e-05,81.78,-1.0158521153401603,False,0.06278599992841112,False,0
91,2.594919997108454,5.192932317815371e-05,83.48,-1.0132067468972532,False,0.06487299992771144,False,0
92,2.6800799970913376,5.36367421252519e-05,85.16000000000001,-1.0107669827188674,False,0.06700199992728353,False,0
93,2.766899997082824,5.485262031070536e-05,86.82000000000001,-1.0085966003406475,False,0.0691724999270707,False,0
94,2.8553599970801193,5.5544351154227355e-05,88.46000000000001,-1.0067490365609477,False,0.07138399992700309,False,0
95,2.94543999708001,5.5684577419355776e-05,90.08000000000001,-1.0052652570857243,False,0.07363599992700036,False,0
96,3.037119997078988,5.525167507963907e-05,91.68,-1.0041721233566814,False,0.07592799992697481,False,0
97,3.1303799970733936,5.423017268075247e-05,93.26,-1.0034813216719443,False,0.07825949992683495,False,0
98,3.225199997059571,5.2611099964935474e-05,94.82000000000001,-1.0031888972918572,False,0.08062999992648938,False,0
99,3.321559997034025,5.039226037341766e-05,96.36000000000001,-1.003275412103501,False,0.08303899992585075,False,0
100,3.419439996993579,4.757842296400372e-05,97.88000000000001,-1.0037067195583258,False,0.0854859999248396,False,0
101,3.5188199969355214,4.418143026372774e-05,99.38000000000001,-1.0044353259884484,False,0.08797049992338817,False,0
102,3.618819996858398,4.025399554764928e-05,100.0,-1.0058322840541343,False,0.09047049992146007,False,0
103,3.7188199967617104,3.5856553195123746e-05,100.0,-1.0076995427559048,False,0.0929704999190429,False,0
104,3.818819996645379,3.1033040996536094e-05,100.0,-1.0096526603978238,False,0.09547049991613461,False,0
105,3.918819996510107,2.583165389141401e-05,100.0,-1.0116137723603258,False,0.0979704999127528,False,0
106,4.018819996357352,2.0304362420378184e-05,100.0,-1.0135046953168358,False,0.10047049990893393,False,0
107,4.11881999618927,1.4506393452737946e-05,100.0,-1.015250044156166,False,0.1029704999047319,False,0
108,4.218819996008627,8.495678377804603e-06,100.0,-1.0167802373487547,False,0.10547049990021581,False,0
109,4.318819995818689,2.3322742736896236e-06,100.0,-1.0180342709424772,False,0.10797049989546738,False,0
110,4.418819995623095,-3.922236163260866e-06,100.0,-1.0189621505975006,False,0.11047049989057754,False,0
111,4.518819995425707,-1.020535993225882e-05,100.0,-1.0195268847026104,False,0.11297049988564284,False,0
112,4.618819995230459,-1.6454318137612353e-05,100.0,-1.019705959113807,False,0.11547049988076165,False,0
113,4.718819995041202,-2.2606673254645257e-05,100.0,-1.0194922347219346,False,0.11797049987603023,False,0
114,4.8188199948615456,-2.8600952984789776e-05,100.0,-1.0188942320662338,False,0.12047049987153881,False,0
115,4.918819994694717,-3.437726446648391e-05,100.0,-1.0179357916470704,False,0.12297049986736809,False,0
116,5.018819994543432,-3.987789270487186e-05,100.0,-1.0166551234802563,False,0.125470499863586,False,0
117,5.1188199944097885,-4.504787724082453e-05,100.0,-1.0151032837840366,False,0.1279704998602449,False,0
118,5.2188199942951785,-4.983556129780007e-05,100.0,-1.0133421395286233,False,0.13047049985737966,False,0
119,5.318819994200237,-5.4193107919245095e-05,100.0,-1.0114419019951242,False,0.1329704998550061,False,0
120,5.418819994124815,-5.807697793968365e-05,100.0,-1.009478327673144,False,0.13547049985312057,False,0
121,5.518819994067984,-6.144836501366935e-05,100.0,-1.0075296980885047,False,0.1379704998516998,False,0
122,5.618819994028075,-6.427358335585495e-05,100.0,-1.0056736989656234,False,0.1404704998507021,False,0
123,5.718819994002744,-6.652440431843297e-05,100.0,-1.0039843231427759,False,0.1429704998500688,False,0
124,5.818819993989067,-6.817833844223727e-05,100.0,-1.0025289207109946,False,0.14547049984972688,False,0
125,5.918819993983653,-6.921886016420293e-05,100.0,-1.0013655139784028,False,0.14797049984959154,False,0
126,6.018819993982785,-6.963557293520258e-05,100.0,-1.0005404843038475,False,0.15047049984956984,False,0
127,6.118819993982561,-6.942431309891141e-05,100.0,-1.0000867230184158,False,0.15297049984956426,False,0
128,6.218819993979057,-6.858719149381944e-05,100.0,-1.0000223201518725,False,0.15547049984947664,False,0
129,6.318819993968478,-6.713257236232398e-05,100.0,-1.0003498432402522,False,0.15797049984921216,False,0
130,6.418819993947309,-6.507498977802206e-05,100.0,-1.001056234966343,False,0.16047049984868297,False,0
131,6.518819993912461,-6.243500242595791e-05,100.0,-1.002113333713751,False,0.16297049984781176,False,0
132,6.618819993861389,-5.9238988187242474e-05,100.0,-1.0034789962817736,False,0.16547049984653495,False,0
133,6.718819993792193,-5.551888057973792e-05,100.0,-1.0050987780019023,False,0.16797049984480508,False,0
134,6.8188199937036975,-5.131184968901165e-05,100.0,-1.0069081032750629,False,0.1704704998425927,False,0
135,6.918819993595496,-4.665993077714426e-05,100.0,-1.0088348399971185,False,0.17297049983988763,False,0
136,7.018819993467967,-4.1609604280245784e-05,100.0,-1.0108021752383431,False,0.17547049983669943,False,0
137,7.11881999332226,-3.621133139127966e-05,100.0,-1.012731677532772,False,0.17797049983305677,False,0
138,7.21881999316025,-3.051904986852723e-05,100.0,-1.0145464236933548,False,0.1804704998290065,False,0
139,7.31881999298446,-2.4589635107307895e-05,100.0,-1.016174065496922,False,0.18297049982461178,False,0
140,7.418819992797965,-1.8482331859891845e-05,100.0,-1.0175497139797192,False,0.18547049981994937,False,0
141,7.518819992604263,-1.2258162281419002e-05,100.0,-1.0186185263558243,False,0.18797049981510686,False,0
142,7.618554272704831,-5.9960003479299595e-06,99.73428029716288,-1.0194707522791446,False,0.19046385681762104,False,0
143,7.71626808702218,1.314242397646273e-07,97.71381450946832,-1.020822226055527,False,0.19290670217555478,False,0
144,7.811961003445083,6.064453110383368e-06,95.69291660682825,-1.0217821864413952,False,0.19529902508612734,False,0
145,7.905632571120276,1.1747888140473496e-05,93.67156784761198,-1.022352655567325,False,0.1976408142780072,False,0
146,7.997282319201466,1.7131503299102758e-05,91.64974823931051,-1.0225511929688353,False,0.19993205798003694,False,0
147,8.086909755484186,2.217048212652787e-05,89.62743642436864,-1.0224101960001473,False,0.20217274388710493,False,0
148,8.17451436491315,2.682577711446131e-05,87.60460955265633,-1.0219756087446183,False,0.20436285912282906,False,0
149,8.260095607946841,3.106438827504422e-05,85.58124313865454,-1.0213050908967876,False,0.2065023901986713,False,0
150,8.34365291876175,3.485955922427926e-05,83.55731090109795,-1.0204657196209963,False,0.20859132296904404,False,0
151,8.425185703276112,3.819089014891467e-05,81.5327845824188,-1.0195313160107584,False,0.2106296425819031,False,0
152,8.50469333696976,4.104436806277897e-05,79.50763374485282,-1.0185795027395441,False,0.2126173334242443,False,0
153,8.58217516247306,4.341231577553285e-05,77.4818255394842,-1.0176886102113092,False,0.2145543790618268,False,0
154,8.657630486893408,4.5293261983102396e-05,75.45532444379168,-1.0169345545595085,False,0.21644076217233552,False,0
155,8.731058578842475,4.669173583133041e-05,73.42809196238503,-1.0163878119668934,False,0.2182764644710622,False,0
156,8.80245866512101,4.761799019318711e-05,71.40008628454314,-1.0161106099397053,False,0.22006146662802556,False,0
157,8.87182992701025,4.8087658724238095e-05,69.37126189082959,-1.0161544475219146,False,0.22179574817525657,False,0
158,8.93917149610964,4.812135251222941e-05,67.34156909939884,-1.016558043323514,False,0.22347928740274134,False,0
159,9.004482449649068,4.774420280461588e-05,65.3109535405168,-1.0173457931832164,False,0.225112061241227,False,0
160,9.067761805189702,4.698535687783174e-05,63.27935554518421,-1.0185267989713505,False,0.2266940451297429,False,0
161,9.129008514610078,4.587743459553047e-05,61.2467094303955,-1.0200945072724776,False,0.22822521286525227,False,0
162,9.188221457252284,4.4455953586165394e-05,59.2129426592683,-1.0220269723774815,False,0.22970553643130745,False,0
163,9.245399432075816,4.2758731248775405e-05,57.17797484872097,-1.0242877331309463,False,0.23113498580189573,False,0
164,9.300541148632055,4.0825271968043846e-05,55.14171659013566,-1.0268272687136735,False,0.23251352871580172,False,0
165,9.353645216628289,3.8696147983063835e-05,53.104068038916616,-1.029584975368691,False,0.23384113041570756,False,0
166,9.404710133793417,3.6412382310084675e-05,51.064917216196,-1.032491585320972,False,0.23511775334483576,False,0
167,9.453734271683729,3.401484196892456e-05,49.024137948937344,-1.0354719315275192,False,0.23634335679209356,False,0
168,9.500715858970329,3.1543649507830846e-05,46.98158735159117,-1.0384479481246873,False,0.23751789647425856,False,0
169,9.54565296162113,2.9037620466953275e-05,44.93710272067826,-1.0413417870694748,False,0.2386413240405286,False,0
170,9.588543459217405,2.6533733970818674e-05,42.89049766936246,-1.0440789268721855,False,0.23971358648043548,False,0
171,9.629385016409241,2.406664310115488e-05,40.84155726634926,-1.046591149679735,False,0.24073462541023138,False,0
172,9.668175048188305,2.1668231080336106e-05,38.790031853211225,-1.04881926828307,False,0.24170437620470797,False,0
173,9.70491067719833,1.9367218600128754e-05,36.73562908208988,-1.0507154946830013,False,0.24262276692995857,False,0
174,9.73958868064823,1.7188826868028277e-05,34.67800351832252,-1.0522453562742282,False,0.24348971701620611,False,0
175,9.772205423435926,1.5154500123179206e-05,32.616742851136806,-1.0533890839406128,False,0.2443051355858985,False,0
176,9.802756772662416,1.3281690503458091e-05,30.551349283892566,-1.0541424177119307,False,0.24506891931656075,False,0
177,9.831237986528354,1.158370723144428e-05,28.481213916552804,-1.054516799327677,False,0.2457809496632092,False,0
178,9.857643567158293,1.006963113567895e-05,26.405580673348027,-1.054538946265211,False,0.24644108917895768,False,0
179,9.881967061282708,8.74429453422233e-06,24.32349416052171,-1.054249827740903,False,0.24704917653206807,False,0
180,9.9042007832021,7.608325474011471e-06,22.23372194841146,-1.0537030893000965,False,0.24760501958005285,False,0
181,9.924335417618922,6.658254217479825e-06,20.134634439236947,-1.0529629987712719,False,0.2481083854404734,False,0
182,9.942359428430589,5.886678641792469e-06,18.024010828181922,-1.05210201361314,False,0.24855898571076507,False,0
183,9.958258136639833,5.282483737338403e-06,15.89870822072511,-1.0511981019738361,False,0.24895645341599618,False,0
184,9.972012193861142,4.831108361121172e-06,13.754057228715311,-1.05033199919706,False,0.2493003048465289,False,0
185,9.983594847325072,4.514849066167969e-06,11.582653468248957,-1.0495846864860974,False,0.24958987118312717,False,0
186,9.992966466580524,4.313184078779545e-06,9.371619257621209,-1.049035679184203,False,0.24982416166451346,False,0
187,10.00006158958692,4.203083287974937e-06,7.095123007250017,-5.98369228240044,False,0.25000010507708254,False,0
188,10.000061654138268,0.006899326090235831,6.8951230072500165,-1.0477544798519063,False,0.25017248315225626,False,0
189,10.000061675038525,0.013614449097453322,6.715123007250017,-1.0470799669450743,False,0.2503403612274367,False,0
190,10.000061654270906,0.020169572104670443,6.555123007250017,-1.0467708273099396,False,0.2505042393026171,False,0
191,10.00006159385929,0.02658469511163601,6.415123007250017,-1.0468425747171115,False,0.2506646173777912,False,0
192,10.000061495832373,0.032879818118122794,6.295123007250017,-1.047295139502676,False,0.2508219954529534,False,0
193,10.000061362196673,0.03907494112393148,6.195123007250017,-1.048112871345552,False,0.25097687352809867,False,0
194,10.000061194918631,0.045190064128893564,6.115123007250017,-1.0492651631964418,False,0.2511297516032227,False,0
195,10.000060995915856,0.051245187132873446,6.0551230072500175,-1.050707671484431,False,0.2512811296783222,False,0
196,10.000060767057315,0.05726031013576975,6.0151230072500175,-1.0523840839552117,False,0.25143150775339457,False,0
197,10.000060510172062,0.06325543313751612,5.995123007250018,-1.0542283646631794,False,0.25158138582843825,False,0
198,10.000060227065864,0.06925055613808162,5.995123007250018,-1.0561673866161856,False,0.2517312639034524,False,0
199,10.000059919544935,0.07526567913747069,6.0151230072500175,-1.0581238471180907,False,0.25188164197843715,False,0
200,10.000059589445746,0.08132080213572292,6.0551230072500175,-1.0600193495835177,False,0.25203302005339345,False,0
201,10.000059238669804,0.08743592513291232,6.115123007250017,-1.0617775289622566,False,0.25218589812832315,False,0
202,10.000058869222068,0.09363104812914629,6.195123007250017,-1.063327096173168,False,0.25234077620322903,False,0
203,10.000058483251637,0.09992617112456388,6.295123007250017,-1.0646046801748454,False,0.25249815427811445,False,0
204,10.000058083093245,0.10634129411933349,6.415123007250017,-1.065557354369265,False,0.2526585323529837,False,0
205,10.000057671308019,0.11289641711364957,6.555123007250017,-1.0661447466183978,False,0.2528224104278416,False,0
206,10.000057250721982,0.11961154010772838,6.715123007250017,-1.0663406487540121,False,0.25299028850269356,False,0
207,10.000056824460783,0.12650666310180253,6.8951230072500165,-1.0661340614148505,False,0.2531626665775454,False,0
208,10.000056395979161,0.13360178609611434,7.095123007250017,-1.065529632556563,False,0.25334004465240323,False,0
209,10.000055969083757,0.14091690909090798,7.315123007250016,-1.0645474721525687,False,0.25352292272727306,False,0
210,10.000055547947968,0.14847203208642057,7.555123007250017,-1.0632223504729672,False,0.2537118008021609,False,0
211,10.000055137117704,0.1562871550828722,7.815123007250016,-1.061602311903856,False,0.25390717887707215,False,0
212,10.00005474150703,0.1643822780804554,8.095123007250017,-1.0597467595692989,False,0.25410955695201176,False,0
213,10.000054366382901,0.1727774010793245,8.395123007250017,-1.0577240871165117,False,0.25431943502698345,False,0
214,10.000054017338366,0.18149252407958483,8.715123007250018,-1.055608952077104,False,0.25453731310199,False,0
215,10.000053700253877,0.19054764708128316,9.055123007250018,-1.0534792995069906,False,0.25476369117703246,False,0
216,10.00005342124657,0.19996277008439914,9.415123007250017,-1.0514132545633217,False,0.25499906925211036,False,0
217,10.000053186607582,0.2097578930888388,9.795123007250018,-1.0494860079009958,False,0.25524394732722133,False,0
218,10.000053002727833,0.21995301609443058,10.195123007250018,-1.0477668180588764,False,0.2554988254023611,False,0
219,10.000052876012829,0.23056813910092427,10.615123007250018,-1.0463162503405181,False,0.25576420347752343,False,0
220,10.000052812787397,0.2416232621079935,11.055123007250018,-1.0451837622668054,False,0.2560405815527002,False,0
221,10.000052819191465,0.2531383851152417,11.515123007250018,-1.044405731860948,False,0.25632845962788137,False,0
222,10.000052901068239,0.2651335081222123,11.995123007250019,-1.0440040073715817,False,0.25662833770305565,False,0
223,10.000053063846348,0.277628631128402,12.495123007250019,-1.0439850362523064,False,0.25694071577821037,False,0
224,10.000053312417753,0.29064375413327836,13.015123007250018,-1.0443396081221696,False,0.2572660938533323,False,0
225,10.000053651013344,0.30419887713629945,13.555123007250018,-1.0450432219547086,False,0.25760497192840787,False,0
226,10.000054083078352,0.31831400013693667,14.115123007250018,-1.0460570628566095,False,0.2579578500034238,False,0
227,10.000054611149782,0.33300912313469855,14.695123007250018,-1.0473295494952368,False,0.25832522807836783,False,0
228,10.000055236738177,0.3483042461291549,15.295123007250018,-1.0487983904835598,False,0.25870760615322924,False,0
229,10.000055960216054,0.3642193691199608,15.915123007250017,-1.050393067741256,False,0.25910548422799934,False,0
230,10.000056780715399,0.38077449210687814,16.555123007250018,-1.052037647828089,False,0.2595193623026723,False,0
231,10.000057696036535,0.3979896150897945,17.215123007250018,-1.0536538091703251,False,0.2599497403772452,False,0
232,10.000058702570655,0.41588473806873766,17.895123007250017,-1.0551639644947641,False,0.2603971184517188,False,0
233,10.000059795238156,0.4344798610438846,18.595123007250017,-1.0564943539881193,False,0.26086199652609743,False,0
234,10.00006096744482,0.45379498401556484,19.315123007250016,-1.0575779858678114,False,0.2613448746003894,False,0
235,10.00006221105765,0.4738501069842568,20.055123007250014,-1.0583573071326053,False,0.26184625267460676,False,0
236,10.000063516401974,0.4946652299505768,20.815123007250016,-1.058786498018628,False,0.26236663074876476,False,0
237,10.000064872281191,0.5162603529152615,21.595123007250017,-1.0588332986883509,False,0.2629065088228819,False,0
238,10.000066266020188,0.5386554758791425,22.395123007250017,-1.0584802953278587,False,0.2634663868969789,False,0
239,10.00006768353321,0.561870598843116,23.215123007250018,-1.057725614380064,False,0.26404676497107826,False,0
240,10.00006910941658,0.5859257218081059,24.055123007250018,-1.0565829972367848,False,0.264648143045203,False,0
241,10.000070527066315,0.6108408447750243,24.915123007250017,-1.055081252412115,False,0.26527102111937595,False,0
242,10.000071918820307,0.6366359677447289,25.795123007250016,-1.0532631070370313,False,0.2659158991936186,False,0
243,10.000073266124387,0.6633310907179796,26.695123007250015,-1.0511835034628192,False,0.2665832772679498,False,0
244,10.000074549721127,0.6909462136953978,27.615123007250016,-1.048907408882081,False,0.2672736553423853,False,0
245,10.000075749859924,0.7195013366774275,28.555123007250018,-1.0465072252909786,False,0.267987533416936,False,0
246,10.000076846526474,0.7490164596643036,29.51512300725002,-1.0440599030495334,False,0.26872541149160795,False,0
247,10.000077819689398,0.7795115826560258,30.49512300725002,-1.041643873112783,False,0.26948778956640096,False,0
248,10.000078649561432,0.8110067056523426,31.49512300725002,-1.0393359202356687,False,0.2702751676413089,False,0
249,10.000079316872236,0.8435218286527449,32.51512300725002,-1.0372081218066298,False,0.27108804571631895,False,0
250,10.000079803149626,0.8770769516564714,33.55512300725002,-1.0353249743491408,False,0.2719269237914121,False,0
251,10.000080091005726,0.9116920746625246,34.61512300725002,-1.033740822248723,False,0.27279230186656345,False,0
252,10.00008016442433,0.947387197669699,35.69512300725002,-1.032497691213521,False,0.2736846799417428,False,0
253,10.0000800090456,0.9841823206766209,36.79512300725002,-1.0316236128420238,False,0.27460455801691586,False,0
254,10.000079612444043,1.0220974436817967,37.91512300725002,-1.03113150709177,False,0.2755524360920452,False,0
255,10.000078964395701,1.06115256668367,39.05512300725002,-1.031018667201655,False,0.2765288141670921,False,0
256,10.000078057130391,1.101367689680686,40.215123007250014,-1.0312668676022971,False,0.2775341922420175,False,0
257,10.000076885564907,1.1427628126713574,41.395123007250014,-1.0318430905124505,False,0.27856907031678424,False,0
258,10.00007544751316,1.1853579356543325,42.59512300725002,-1.0327008422542208,False,0.27963394839135863,False,0
259,10.000073743869397,1.2291730586284615,43.815123007250016,-1.0337820068098822,False,0.28072932646571186,False,0
260,10.00007177876081,1.2742281815928567,45.05512300725002,-1.035019162724795,False,0.28185570453982167,False,0
261,10.000069559666152,1.320543304546945,46.315123007250016,-1.0363382709885165,False,0.28301358261367393,False,0
262,10.000067097497231,1.368138427490509,47.59512300725002,-1.0376616267373524,False,0.28420346068726304,False,0
263,10.000064406640618,1.4170335504237157,48.895123007250014,-1.038910957102466,False,0.2854258387605932,False,0
264,10.000061504957193,1.4672486733471288,50.215123007250014,-1.0400105417028258,False,0.2866812168336785,False,0
265,10.000058413737753,1.518803796261705,51.55512300725002,-1.0408902313784056,False,0.2879700949065429,False,0
266,10.000055157613305,1.5717189191687724,52.91512300725002,-1.041488244816149,False,0.2892929729792196,False,0
267,10.000051764419274,1.626014042069993,54.29512300725002,-1.0417536315765112,False,0.2906503510517501,False,0
268,10.000048265013387,1.6817091649673066,55.69512300725002,-1.0416483033269186,False,0.29204272912418294,False,0
269,10.000044693047625,1.7388242878628617,57.11512300725002,-1.0411485523037625,False,0.2934706071965718,False,0
270,10.000041084695194,1.7973794107589327,58.55512300725002,-1.0402459964663486,False,0.2949344852689736,False,0
271,10.000037478334132,1.857394533657828,60.01512300725002,-1.0389479136626871,False,0.296434863341446,False,0
272,10.000033914189757,1.9188896565617923,61.495123007250015,-1.0372769514848812,False,0.2979722414140451,False,0
273,10.000030433938779,1.9818847794729066,62.995123007250015,-1.0352702243814642,False,0.2995471194868229,False,0
274,10.000027080278489,2.0463999023929906,64.51512300725001,-1.0329778340218292,False,0.30115999755982503,False,0
275,10.000023896465029,2.112455025323512,66.05512300725002,-1.030460871901204,False,0.302811375633088,False,0
276,10.000020925825234,2.180070148265505,67.61512300725002,-1.0277889838162801,False,0.3045017537066379,False,0
277,10.000018211247111,2.2492652712195076,69.19512300725002,-1.0250375933076945,False,0.3062316317804879,False,0
278,10.000015794654383,2.3200603941855125,70.79512300725001,-1.0222848947625793,False,0.30800150985463803,False,0
279,10.000013716471003,2.3924755171629424,72.41512300725002,-1.0196087360522206,False,0.30981188792907377,False,0
280,10.000012015081825,2.466530640150648,74.05512300725002,-1.0170835149843473,False,0.3116632660037665,False,0
281,10.0000107262959,2.5422457631469295,75.71512300725001,-1.014777213299037,False,0.3135561440786735,False,0
282,10.000009882819057,2.6196408861495835,77.39512300725002,-1.0127486864527708,False,0.3154910221537398,False,0
283,10.000009513742581,2.6987360091559722,79.09512300725002,-1.0110453172391243,False,0.31746840022889955,False,0
284,10.00000964399026,2.779511132163117,80.77512300725003,-1.0097211267881787,False,0.31948777830407815,False,0
285,10.000010293172595,2.861946255167811,82.43512300725003,-1.0087954182532861,False,0.3215486563791955,False,0
286,10.000011475183195,2.946021378166752,84.07512300725003,-1.0082720072571933,False,0.323650534454169,False,0
287,10.000013197862607,3.031716501156687,85.69512300725003,-1.0081390697768982,False,0.3257929125289174,False,0
288,10.000015462734844,3.119011624134556,87.29512300725003,-1.0083696135315714,False,0.3279752906033641,False,0
289,10.000018264820973,3.2078867470976333,88.87512300725002,-1.0089225540807203,False,0.330197168677441,False,0
290,10.00002159253319,3.298321870043659,90.43512300725003,-1.009744352731962,False,0.33245804675109164,False,0
291,10.000025427651781,3.390296992970952,91.97512300725003,-1.0107711509598998,False,0.334757424824274,False,0
292,10.000029745386332,3.4837921158785026,93.49512300725003,-1.011931316243965,False,0.33709480289696275,False,0
293,10.000034514521499,3.5787872387660378,94.99512300725003,-1.0131482978301074,False,0.33946968096915114,False,0
294,10.000039697646564,3.675262361634056,96.47512300725003,-1.0143436785666593,False,0.3418815590408516,False,0
295,10.000045251466936,3.7731974844838296,97.93512300725003,-1.0154403011470516,False,0.3443299371120959,False,0
296,10.000051127194707,3.872572607317373,99.37512300725002,-1.0163653441258118,False,0.3468143151829345,False,0
297,10.000057222548795,3.9725726071316063,100.0,-1.0174507865309375,False,0.3493143151782903,False,0
298,10.000063439679494,4.072572606938342,100.0,-1.0185457764499195,False,0.3518143151734587,False,0
299,10.000069716467289,4.172572606741352,100.0,-1.0192942218234893,False,0.35431431516853396,False,0
300,10.00007599019659,4.2725726065445535,100.0,-1.019666284727864,False,0.356814315163614,False,0
301,10.000082198182369,4.372572606351858,100.0,-1.019647132420436,False,0.3593143151587966,False,0
302,10.000088278396484,4.472572606167013,100.0,-1.0192375286721143,False,0.36181431515417545,False,0
303,10.000094170087447,4.572572605993453,100.0,-1.0184538033159092,False,0.3643143151498365,False,0
304,10.000099814387427,4.672572605834162,100.0,-1.017327201225801,False,0.3668143151458541,False,0
305,10.000105154900446,4.772572605691557,100.0,-1.0159026366799624,False,0.369314315142289,False,0
306,10.000110138265862,4.872572605567387,100.0,-1.014236902768287,False,0.3718143151391848,False,0
307,10.000114714691536,4.972572605462669,100.0,-1.012396407228973,False,0.3743143151365668,False,0
308,10.000118838451334,5.072572605377642,100.0,-1.0104545249798809,False,0.37681431513444114,False,0
309,10.000122468342012,5.172572605311762,100.0,-1.0084886728903584,False,0.3793143151327942,False,0
310,10.000125568094901,5.27257260526372,100.0,-1.0065772234133838,False,0.3818143151315931,False,0
311,10.000128106738298,5.372572605231497,100.0,-1.004796380121995,False,0.3843143151307875,False,0
312,10.000130058906915,5.472572605212442,100.0,-1.0032171397119882,False,0.38681431513031117,False,0
313,10.000131405095328,5.572572605203382,100.0,-1.0019024615869174,False,0.38931431513008463,False,0
314,10.000132131852867,5.672572605200741,100.0,-1.000904757864557,False,0.3918143151300186,False,0
315,10.000132231918013,5.772572605200691,100.0,-1.0002638038706497,False,0.3943143151300173,False,0
316,10.000131704290947,5.872572605199299,100.0,-1.000005152421993,False,0.3968143151299825,False,0
317,10.000130554243544,5.972572605192686,100.0,-1.000139115116164,False,0.3993143151298172,False,0
318,10.000128793266697,6.0725726051771804,100.0,-1.0006603512408998,False,0.4018143151294295,False,0
319,10.000126438955506,6.172572605149466,100.0,-1.0015480806918287,False,0.40431431512873667,False,0
320,10.00012351483347,6.272572605106713,100.0,-1.0027669124103715,False,0.40681431512766786,False,0
321,10.000120050117449,6.372572605046692,100.0,-1.0042682553143223,False,0.40931431512616734,False,0
322,10.00011607942574,6.47257260496786,100.0,-1.0059922554721727,False,0.41181431512419653,False,0
323,10.000111642432184,6.572572604869426,100.0,-1.0078701822916227,False,0.41431431512173567,False,0
324,10.000106783469754,6.6725726047513785,100.0,-1.0098271685929745,False,0.4168143151187845,False,0
325,10.000101551087594,6.772572604614489,100.0,-1.0117851953288395,False,0.41931431511536227,False,0
326,10.00009599756594,6.872572604460282,100.0,-1.0136662019593652,False,0.421814315111507,False,0
327,10.00009017839374,6.972572604290968,100.0,-1.0153951984812613,False,0.42431431510727413,False,0
328,10.000084151714244,7.0725726041093635,100.0,-1.016903255044855,False,0.4268143151027341,False,0
329,10.000077977744038,7.172572603918774,100.0,-1.0181302499717442,False,0.4293143150979693,False,0
330,10.000071718171393,7.272572603722863,100.0,-1.0190272666185622,False,0.4318143150930716,False,0
331,10.00006543553989,7.372572603525506,100.0,-1.0195585435315961,False,0.4343143150881376,False,0
332,10.000059192623505,7.472572603330636,100.0,-1.0197029001452114,False,0.4368143150832659,False,0
333,10.000053051799394,7.5725726031420875,100.0,-1.0194545811866425,False,0.43931431507855223,False,0
334,10.000047155090808,7.67122307799888,98.65047503302634,-1.0194982486726059,False,0.441780576949972,False,0
335,10.000041594818635,7.767852857538616,96.62977969971048,-1.0195198848516358,False,0.44419632143846544,False,0
336,10.000036416382384,7.862461499743435,94.6086423465406,-1.0192235421127807,False,0.4465615374935859,False,0
337,10.000031659096287,7.955048543195554,92.587043574338,-1.0186613323630986,False,0.4488762135798889,False,0
338,10.000027355919462,8.045613505766687,90.56496267336438,-1.017895976662172,False,0.45114033764416717,False,0
339,10.000023533270996,8.134155883186375,88.5423775022072,-1.0169983052063216,False,0.45335389707965945,False,0
340,10.00002021093035,8.220675147474894,86.51926435230826,-1.0160444340622954,False,0.45551687868687235,False,0
341,10.000017402022442,8.305170745224249,84.49559779604223,-1.0151127312085648,False,0.45762926863060616,False,0
342,10.00001511308575,8.387642095708365,82.4713505158799,-1.0142806928436756,False,0.4596910523927091,False,0
343,10.000013344220779,8.468088588800654,80.44649311173644,-1.0136218544972988,False,0.4617022147200163,False,0
344,10.000012089315259,8.546509582673677,78.42099388306363,-1.0132028600946235,False,0.4636627395668419,False,0
345,10.000011336341608,8.622904401251565,76.3948185815989,-1.0130808058274037,False,0.46557261003128914,False,0
346,10.000011067721314,8.697272331380969,74.36793012988765,-1.0133009647304605,False,0.46743180828452424,False,0
347,10.000011260750183,8.769612619680428,72.34028829971741,-1.0138949826866548,False,0.46924031549201073,False,0
348,10.000011888077719,8.839924469021026,70.31184934339589,-1.0148796177894035,False,0.47099811172552564,False,0
349,10.00001291823334,8.908207034582558,68.28256556930187,-1.0162560733325319,False,0.47270517586456395,False,0
350,10.000014316191669,8.974459419419073,66.25238485126314,-1.0180099510325593,False,0.4743614854854769,False,0
351,10.000016043968749,9.038680669454779,64.2212500589471,-1.020111826364739,False,0.4759670167363696,False,0
352,10.000018061240809,9.100869767815517,62.189098393456256,-1.0225184230950513,False,0.477521744195388,False,0
353,10.000020325977005,9.161025628381376,60.155860608489654,-1.0251743402067433,False,0.4790256407095345,False,0
354,10.000022795077555,9.219147088421435,58.12146009250452,-1.0280142624018587,False,0.4804786772105359,False,0
355,10.000025425008744,9.275232900140692,56.08581178091633,-1.0309655660858177,False,0.4818808225035173,False,0
356,10.000028172426417,9.329281720929854,54.048820858991434,-1.0339512169844716,False,0.4832320430232464,False,0
357,10.000030994779914,9.38129210205829,52.010381205012294,-1.0368928439249487,False,0.4845323025514572,False,0
358,10.000033850888713,9.431262475485147,49.970373508479646,-1.0397138663030516,False,0.4857815618871287,False,0
359,10.000036701484555,9.47919113837849,47.92866297811287,-1.0423425506342379,False,0.4869797784594622,False,0
360,10.000039509712389,9.5250762348196,45.8850965270442,-1.0447148744353885,False,0.48812690587049,False,0
361,10.000042241584078,9.568915734019164,43.83949928468297,-1.0467770833949759,False,0.4892228933504791,False,0
362,10.000044866379568,9.610707404168178,41.79167023144043,-1.0484878400561455,False,0.49026768510420454,False,0
363,10.000047356990967,9.650448780766558,39.74137667642372,-1.0498198785791621,False,0.49126121951916396,False,0
364,10.00004969020581,9.68813712788208,37.68834718774335,-1.0507610999176114,False,0.492203428197052,False,0
365,10.000051846926697,9.72376939023841,35.6322624216005,-1.0513150641654434,False,0.4930942347559603,False,0
366,10.000053812325387,9.757342133230212,33.572743049331976,-1.0515008610293224,False,0.49393355333075534,False,0
367,10.00005557593036,9.78885146678043,31.509333599574347,-1.051352364422594,False,0.4947212866695108,False,0
368,10.000057131647896,9.818292947165563,29.441480426235223,-1.050916902114268,False,0.49545732367913914,False,0
369,10.000058477717623,9.845661448153669,27.368501021207813,-1.0502533952997555,False,0.49614153620384177,False,0
370,10.000059616604636,9.870950988341232,25.289540213207495,-1.0494300451039338,False,0.4967737747085309,False,0
371,10.00006055483128,9.894154494166104,23.203505843841352,-1.0485216628255059,False,0.49735386235415274,False,0
372,10.000061302752975,9.915263465234972,21.10897108211775,-1.0476067580597659,False,0.4978815866308744,False,0
373,10.000061874283864,9.934267485218744,19.004019992365276,-1.0467645144259772,False,0.49835668713046866,False,0
374,10.000062286580109,9.951153476328688,16.885991114978474,-1.0460717991669424,False,0.4987788369082173,False,0
375,10.000062559691832,9.965904501087016,14.751024760854872,-1.0456003780992489,False,0.49914761252717543,False,0
376,10.000062716200915,9.978497698950845,12.593197864801905,-1.0454145640464991,False,0.49946244247377114,False,0
377,10.000062780876384,9.988900383268009,10.402684317364177,-1.0455696907913365,False,0.4997225095817003,False,0
378,10.000062780420953,9.997061578262498,8.161194994489422,-5.980914232859942,False,0.49992653945656257,False,0
379,9.994235231728856,9.99706154138436,5.827548692212513,-1.0457251720786673,False,0.5001441192067787,False,0
380,9.988607683037086,9.997061470829253,5.627548692212513,-1.0474628808644453,False,0.5002848079240729,False,0
381,9.983160134345818,9.99706136938834,5.447548692212513,-1.0481376160686735,False,0.5004209966413546,False,0
382,9.977872585655195,9.997061239741528,5.287548692212513,-1.0491638868736874,False,0.5005531853586203,False,0
383,9.972725036965326,9.997061084428886,5.1475486922125135,-1.0505039685861295,False,0.500681874075867,False,0
384,9.967697488276285,9.997060905832376,5.027548692212513,-1.0521072272553562,False,0.500807562793093,False,0
385,9.962769939588117,9.997060706167822,4.927548692212514,-1.0539121382846723,False,0.5009307515102972,False,0
386,9.957922390900837,9.997060487486786,4.847548692212514,-1.055848739218298,False,0.5010519402274791,False,0
387,9.953134842214432,9.997060251687802,4.787548692212514,-1.0578414189186012,False,0.5011716289446393,False,0
388,9.948387293528862,9.99706000053625,4.747548692212514,-1.0598119319387698,False,0.5012903176617786,False,0
389,9.943659744844068,9.997059735691877,4.7275486922125145,-1.0616825179166547,False,0.5014085063788984,False,0
390,9.938932196159968,9.997059458742898,4.7275486922125145,-1.063379001629747,False,0.5015266950960009,False,0
391,9.93418464747646,9.997059171245354,4.747548692212514,-1.0648337501220322,False,0.5016453838130885,False,0
392,9.929397098793428,9.997058874766381,4.787548692212514,-1.065988369010772,False,0.5017650725301644,False,0
393,9.924549550110738,9.997058570929877,4.847548692212514,-1.0667960304808308,False,0.5018862612472317,False,0
394,9.919622001428243,9.997058261463028,4.927548692212514,-1.0672233401559514,False,0.502009449964294,False,0
395,9.914594452745787,9.997057948242105,5.027548692212513,-1.0672516684212112,False,0.5021351386813555,False,0
396,9.909446904063207,9.997057633335933,5.1475486922125135,-1.0668778931207932,False,0.5022638273984199,False,0
397,9.904159355380335,9.997057319045501,5.287548692212513,-1.0661145240220418,False,0.5023960161154918,False,0
398,9.898711806697007,9.99705700793819,5.447548692212513,-1.0649892040839966,False,0.502532204832575,False,0
399,9.893084258013063,9.997056702875248,5.627548692212513,-1.0635436074129834,False,0.5026728935496735,False,0
400,9.88725670932836,9.997056407031195,5.827548692212513,-1.0618317778405966,False,0.5028185822667911,False,0
401,9.881209160642776,9.997056123904072,6.047548692212513,-1.059917974359359,False,0.5029697709839307,False,0
402,9.874921611956214,9.99705585731555,6.287548692212513,-1.057874109312355,False,0.5031269597010948,False,0
403,9.86837406326862,9.997055611400151,6.547548692212513,-1.0557768814674886,False,0.5032906484182845,False,0
404,9.861546514579977,9.997055390583057,6.827548692212513,-1.0537047182722015,False,0.5034613371355007,False,0
405,9.854418965890325,9.997055199546164,7.127548692212513,-1.0517346491912873,False,0.503639525852742,False,0
406,9.846971417199754,9.997055043182364,7.447548692212513,-1.0499392347775949,False,0.5038257145700062,False,0
407,9.839183868508416,9.99705492653821,7.787548692212513,-1.0483836739048598,False,0.5040204032872897,False,0
408,9.83103631981652,9.997054854745416,8.147548692212514,-1.0471232044872218,False,0.5042240920045871,False,0
409,9.822508771124335,9.9970548329419,8.527548692212514,-1.046200901311427,False,0.5044372807218916,False,0
410,9.813581222432184,9.997054866183303,8.927548692212515,-1.0456459587749605,False,0.5046604694391955,False,0
411,9.804233673740436,9.997054959346173,9.347548692212515,-1.0454725269920742,False,0.5048941581564892,False,0
412,9.794446125049493,9.997055117024232,9.787548692212514,-1.0456791476687137,False,0.5051388468737628,False,0
413,9.784198576359781,9.997055343419328,10.247548692212515,-1.0462488122362805,False,0.5053950355910055,False,0
414,9.77347102767173,9.997055642228887,10.727548692212515,-1.0471496399267688,False,0.5056632243082069,False,0
415,9.762243478985758,9.997056016531797,11.227548692212515,-1.0483361487566698,False,0.5059439130253562,False,0
416,9.750495930302247,9.997056468674852,11.747548692212515,-1.0497510687498435,False,0.5062376017424439,False,0
417,9.73820838162153,9.997057000161902,12.287548692212514,-1.0513276251115065,False,0.5065447904594619,False,0
418,9.725360832943863,9.997057611547975,12.847548692212515,-1.052992200331227,False,0.5068659791764035,False,0
419,9.71193328426942,9.997058302340633,13.427548692212515,-1.054667269084724,False,0.5072016678932646,False,0
420,9.697905735598264,9.99705907091084,14.027548692212514,-1.0562744889295752,False,0.5075523566100435,False,0
421,9.683258186930338,9.997059914415523,14.647548692212514,-1.0577378235788328,False,0.5079185453267416,False,0
422,9.667970638265468,9.997060828733979,15.287548692212514,-1.058986574236825,False,0.5083007340433635,False,0
423,9.652023089603347,9.997061808420087,15.947548692212514,-1.0599581981483086,False,0.5086994227599164,False,0
424,9.635395540943549,9.99706284667218,16.627548692212514,-1.0606008019935436,False,0.5091151114764114,False,0
425,9.618067992285535,9.99706393532217,17.327548692212513,-1.060875210725875,False,0.5095483001928617,False,0
426,9.600020443628669,9.997065064845344,18.047548692212512,-1.0607565293736716,False,0.5099994889092834,False,0
427,9.581232894972239,9.997066224391913,18.78754869221251,-1.0602351355422892,False,0.5104691776256942,False,0
428,9.561685346315487,9.99706740184116,19.547548692212512,-1.0593170630482822,False,0.5109578663421129,False,0
429,9.541357797657643,9.99706858387869,20.327548692212513,-1.0580237613911838,False,0.511466055058559,False,0
430,9.52023024899795,9.997069756096908,21.127548692212514,-1.0563912406520597,False,0.5119942437750514,False,0
431,9.498282700335709,9.997070903118564,21.947548692212514,-1.054468635908459,False,0.5125429324916074,False,0
432,9.475495151670318,9.997072008742782,22.787548692212514,-1.0523162483983342,False,0.5131126212082422,False,0
433,9.4518476030013,9.997073056112615,23.647548692212514,-1.050003141524724,False,0.5137038099249677,False,0
434,9.427320054328339,9.997074027902848,24.527548692212513,-1.0476043875410335,False,0.5143169986417917,False,0
435,9.401892505651306,9.997074906526331,25.42754869221251,-1.0451980746824976,False,0.5149526873587175,False,0
436,9.375544956970282,9.997075674356827,26.347548692212513,-1.0428621940594234,False,0.5156113760757431,False,0
437,9.348257408285566,9.99707631396597,27.287548692212514,-1.0406715304223741,False,0.5162935647928609,False,0
438,9.320009859597679,9.997076808371649,28.247548692212515,-1.0386946807533448,False,0.5169997535100581,False,0
439,9.290782310907362,9.997077141294833,29.227548692212515,-1.0369913195427676,False,0.5177304422273161,False,0
440,9.260554762215554,9.997077297421558,30.227548692212515,-1.03560981977633,False,0.5184861309446113,False,0
441,9.229307213523361,9.997077262666636,31.247548692212515,-1.034585324474967,False,0.5192673196619161,False,0
442,9.197019664832027,9.997077024435416,32.28754869221252,-1.0339383456696623,False,0.5200745083791994,False,0
443,9.163672116142886,9.997076571879829,33.34754869221252,-1.0336739466646279,False,0.5209081970964279,False,0
444,9.129244567457304,9.997075896144828,34.42754869221252,-1.0337815401895043,False,0.5217688858135675,False,0
445,9.093717018776632,9.99707499060135,35.52754869221252,-1.0342353104871154,False,0.5226570745305843,False,0
446,9.057069470102135,9.997073851061892,36.64754869221252,-1.0349952425092759,False,0.5235732632474468,False,0
447,9.019281921434942,9.997072475974917,37.78754869221252,-1.0360087171893697,False,0.5245179519641265,False,0
448,8.98033437277598,9.997070866594424,38.947548692212514,-1.0372126091933114,False,0.5254916406806007,False,0
449,8.940206824125928,9.997069027121174,40.127548692212514,-1.038535803517756,False,0.526494829396852,False,0
450,8.898879275485172,9.997066964812367,41.32754869221252,-1.0399020306065063,False,0.5275280181128709,False,0
451,8.856331726853767,9.99706469005681,42.547548692212516,-1.0412329069583777,False,0.528591706828656,False,0
452,8.812544178231425,9.997062216412989,43.78754869221252,-1.0424510600061434,False,0.5296863955442145,False,0
453,8.7674966296175,9.99705956060785,45.047548692212516,-1.0434832126885736,False,0.5308125842595626,False,0
454,8.721169081011002,9.997056742494538,46.32754869221252,-1.0442631047426831,False,0.5319707729747251,False,0
455,8.673541532410617,9.997053784967804,47.627548692212514,-1.0447341342540113,False,0.5331614616897347,False,0
456,8.624593983814751,9.997050713836341,48.947548692212514,-1.0448516141549133,False,0.5343851504046313,False,0
457,8.574306435221585,9.997047557651811,50.28754869221252,-1.0445845537113563,False,0.5356423391194606,False,0
458,8.522658886629136,9.997044347494917,51.64754869221252,-1.043916893976803,False,0.5369335278342717,False,0
459,8.469631338035343,9.99704111671944,53.02754869221252,-1.0428481479595042,False,0.5382592165491166,False,0
460,8.415203789438147,9.997037900655764,54.42754869221252,-1.041393419982556,False,0.5396199052640466,False,0
461,8.359356240835583,9.997034736275968,55.84754869221252,-1.0395828034651613,False,0.5410160939791107,False,0
462,8.302068692225868,9.997031661823192,57.28754869221252,-1.0374601811345832,False,0.5424482826943535,False,0
463,8.243321143607492,9.997028716408497,58.74754869221252,-1.0350814755008384,False,0.5439169714098129,False,0
464,8.183093594979294,9.99702593957902,60.227548692212515,-1.0325124193431312,False,0.5454226601255178,False,0
465,8.121366046340528,9.997023370861713,61.727548692212515,-1.0298259350923493,False,0.5469658488414869,False,0
466,8.058118497690923,9.997021049287454,63.24754869221252,-1.0270992275858277,False,0.548547037557727,False,0
467,7.993330949030715,9.997019012900696,64.78754869221252,-1.0244107060985017,False,0.5501667262742324,False,0
468,7.926983400360658,9.997017298260248,66.34754869221253,-1.0218368583592436,False,0.5518254149909837,False,0
469,7.859055851682027,9.99701593993708,67.92754869221253,-1.0194492011768819,False,0.5535236037079495,False,0
470,7.78952830299658,9.997014970015254,69.52754869221252,-1.0173114292453764,False,0.5552617924250857,False,0
471,7.718380754306511,9.99701441760233,71.14754869221252,-1.0154768757966866,False,0.5570404811423374,False,0
472,7.6455932056143805,9.997014308355652,72.78754869221252,-1.0139863863384082,False,0.5588601698596406,False,0
473,7.571145656923018,9.997014664030978,74.44754869221252,-1.0128666902434211,False,0.5607213585769247,False,0
474,7.495018108235418,9.997015502059815,76.12754869221253,-1.0121293351122955,False,0.5626245472941147,False,0
475,7.417190559554623,9.997016835161775,77.82754869221253,-1.0117702263922053,False,0.5645702360111345,False,0
476,7.337643010883594,9.997018670997946,79.54754869221253,-1.0117697906069774,False,0.5665589247279103,False,0
477,7.256395462225071,9.99702101071916,81.24754869221253,-1.0121137557519093,False,0.5685901134443734,False,0
478,7.173467913581438,9.997023849218445,82.92754869221254,-1.0127545175957229,False,0.5706633021604642,False,0
479,7.088880364954607,9.997027175022458,84.58754869221254,-1.0136330375282816,False,0.572777990876135,False,0
480,7.0026528163459165,9.997030970264674,86.22754869221254,-1.014681196269604,False,0.5749336795913522,False,0
481,6.91480526775605,9.997035210741748,87.84754869221254,-1.015824509605445,False,0.577129868306099,False,0
482,6.82535771918498,9.997039866053374,89.44754869221254,-1.0169850978808177,False,0.5793660570203757,False,0
483,6.73433017063195,9.997044899824933,91.02754869221253,-1.0180847908677078,False,0.5816417457342014,False,0
484,6.641742622095476,9.997050270011124,92.58754869221254,-1.0190482442246742,False,0.5839564344476132,False,0
485,6.5476150735733905,9.99705592927772,94.12754869221254,-1.0198059433047313,False,0.5863096231606654,False,0
486,6.451967525062913,9.997061825457585,95.64754869221254,-1.0202969745587285,False,0.5887008118734274,False,0
487,6.354819976560748,9.997067902076108,97.14754869221254,-1.0204714540460456,False,0.5911295005859815,False,0
488,6.256192428063213,9.99707409894026,98.62754869221254,-1.0202925162353562,False,0.5935951892984198,False,0
489,6.156192428258424,9.997080347314316,100.0,-1.0197815584369931,False,0.5960951892935396,False,0
490,6.056192428447612,9.997086498534147,100.0,-1.0195640393548222,False,0.59859518928881,False,0
491,5.956192428627168,9.997092491138797,100.0,-1.0189623955654175,False,0.6010951892843209,False,0
492,5.85619242879387,9.997098265252143,100.0,-1.0180006033845583,False,0.6035951892801534,False,0
493,5.756192428945006,9.997103763181153,100.0,-1.0167169974478427,False,0.606095189276375,False,0
494,5.6561924290784855,9.997108929992336,100.0,-1.015162742519426,False,0.608595189273038,False,0
495,5.556192429192922,9.997113714060623,100.0,-1.013399793799937,False,0.611095189270177,False,0
496,5.456192429287688,9.997118067585186,100.0,-1.0114984270482177,False,0.6135951892678079,False,0
497,5.35619242936294,9.997121947067045,100.0,-1.0095344369832404,False,0.6160951892659267,False,0
498,5.256192429419612,9.997125313743702,100.0,-1.007586115655333,False,0.6185951892645098,False,0
499,5.156192429459381,9.997128133976434,100.0,-1.005731131249551,False,0.6210951892635156,False,0
500,5.056192429484595,9.997130379586409,100.0,-1.0040434317526465,False,0.6235951892628853,False,0
501,4.956192429498183,9.997132028136235,100.0,-1.0025902969238567,False,0.6260951892625455,False,0
502,4.8561924295035395,9.997133063154147,100.0,-1.0014296560983447,False,0.6285951892624115,False,0
503,4.7561924295043845,9.997133474298586,100.0,-1.0006077787528835,False,0.6310951892623905,False,0
504,4.656192429504619,9.997133257461535,100.0,-1.0001574299039866,False,0.6335951892623846,False,0
505,4.55619242950817,9.997132414809556,100.0,-1.000096563876458,False,0.6360951892622958,False,0
506,4.456192429518828,9.99713095476215,100.0,-1.0004276085177695,False,0.6385951892620294,False,0
507,4.356192429540105,9.99712889190763,100.0,-1.0011373683943365,False,0.6410951892614974,False,0
508,4.256192429575086,9.997126246857356,100.0,-1.0021975508291106,False,0.6435951892606229,False,0
509,4.156192429626312,9.997123046039793,100.0,-1.0035658938092857,False,0.6460951892593422,False,0
510,4.056192429695676,9.997119321436454,100.0,-1.0051878507981922,False,0.6485951892576082,False,0
511,3.9561924297843456,9.997115110262346,100.0,-1.0069987652839998,False,0.6510951892553914,False,0
512,3.856192429892722,9.997110454594127,100.0,-1.0089264483726637,False,0.653595189252682,False,0
513,3.7561924300204184,9.997105400949694,100.0,-1.0108940566660503,False,0.6560951892494895,False,0
514,3.6561924301662794,9.997099999823394,100.0,-1.0128231556932883,False,0.658595189245843,False,0
515,3.5561924303284242,9.997094305181495,100.0,-1.0146368467669964,False,0.6610951892417893,False,0
516,3.4561924305043235,9.997088373922976,100.0,-1.0162628326074803,False,0.6635951892373919,False,0
517,3.356192430690899,9.997082265311011,100.0,-1.0176362995183763,False,0.6660951892327276,False,0
518,3.256192430884648,9.997076040380833,100.0,-1.018702501212173,False,0.6685951892278839,False,0
519,3.1561924310817804,9.997069761329884,100.0,-1.0194189412768815,False,0.6710951892229554,False,0
520,3.056192431278372,9.997063490896368,100.0,-1.0197570672771252,False,0.6735951892180406,False,0
521,2.95619243147052,9.997057291732382,100.0,-1.019703408952068,False,0.676095189213237,False,0
522,2.856192431654499,9.997051225777923,100.0,-1.019260115134648,False,0.6785951892086375,False,0
523,2.756192431826909,9.997045353642005,100.0,-1.0184448679880895,False,0.6810951892043273,False,0
524,2.656192431984811,9.997039733997067,100.0,-1.0172901779795214,False,0.6835951892003798,False,0
525,2.5561924321258447,9.997034422992744,100.0,-1.0158420876990237,False,0.6860951891968539,False,0
526,2.4561924322483226,9.997029473694838,100.0,-1.0141583361993387,False,0.6885951891937919,False,0
527,2.3569605001623057,9.997024970411085,99.23193218819935,-1.012690089101682,False,0.6910759874959423,False,0
528,2.2597491396033886,9.997021002595261,97.21136063989294,-1.0117534136102821,False,0.6935062715099154,False,0
529,2.164558787237289,9.997017590636196,95.19035242724784,-1.0107999025689458,False,0.6958860303190678,False,0
530,2.0713898987729653,9.997014747814857,93.1688885076948,-1.00990787098704,False,0.6982152525306758,False,0
531,1.9802429502406051,9.997012480378572,91.14694856056332,-1.009153191796457,False,0.7004939262439849,False,0
532,1.8911184393869271,9.997010787698995,89.12451086975192,-1.0086062714785862,False,0.7027220390153269,False,0
533,1.8040168872016087,9.997009662510063,87.10155219258615,-1.0083292436655653,False,0.7048995778199598,False,0
534,1.718938839590664,9.997009091221237,85.07804761286276,-1.0083734926022223,False,0.7070265290102333,False,0
535,1.6358848692149413,9.99700905430054,83.05397037573083,-1.0087776052040238,False,0.7091028782696264,False,0
536,1.5548555775146757,9.997009526721063,81.02929170164259,-1.009565833360203,False,0.7111286105621332,False,0
537,1.4758515969443082,9.99701047846403,79.00398057610016,-1.0107471277903424,False,0.7131037100763923,False,0
538,1.3988735934456669,9.997011875070829,76.97800351131059,-1.012314781976691,False,0.7150281601638584,False,0
539,1.3239222691922463,9.997013678236033,74.95132427511057,-1.014246700374284,False,0.7169019432701939,False,0
540,1.250998365642875,9.997015846432996,72.92390358160416,-1.016506280213251,False,0.7187250408589282,False,0
541,1.1801026669497536,9.997018335563354,70.89569873681765,-1.0190438717477914,False,0.7204974333262562,False,0
542,1.1112360037739535,9.997021099621648,68.86666323126977,-1.0217987587459054,False,0.7222190999056513,False,0
543,1.044399257571319,9.99702409136617,66.83674626959275,-1.0247015802769082,False,0.7238900185607171,False,0
544,0.9795933654237975,9.997027262987258,64.80589222513163,-1.027677097261528,False,0.7255101658644051,False,0
545,0.9168193255060866,9.997030566764439,62.77404000464924,-1.0306471935086015,False,0.727079516862348,False,0
546,0.856078203295927,9.997033955704042,60.74112230469942,-1.03353399161765,False,0.7285980449176019,False,0
547,0.7973711386593811,9.997037384149372,58.70706473665508,-1.036262959550732,False,0.7300657215335155,False,0
548,0.7406993539713863,9.99704080835594,56.671784791443066,-1.0387658840563843,False,0.7314825161507154,False,0
549,0.6860641634685588,9.997044187024862,54.6351906072968,-1.0409835924418813,False,0.732848395913286,False,0
550,0.6334669840781306,9.997047481788153,52.59717949362258,-1.0428683142328357,False,0.7341633253980467,False,0
551,0.5829093480274152,9.997050657640393,50.557636150463345,-1.0443855886272484,False,0.7354272662993147,False,0
552,0.5343929176170369,9.997053683312007,48.516430504724646,-1.0455156417736486,False,0.7366401770595742,False,0
553,0.4879195026449733,9.99705653158024,46.473415059346074,-1.0462541790604882,False,0.7378020124338757,False,0
554,0.44349108110674573,9.997059179514817,44.42842161713607,-1.0466125609517223,False,0.7389127229723315,False,0
555,0.40110982398362155,9.997061608656148,42.38125719273899,-1.0466173555170937,False,0.7399722544004095,False,0
556,0.36077812518577607,9.997063805124911,40.331698857655425,-1.046309285704522,False,0.7409805468703556,False,0
557,0.32249863807148726,9.99706575966279,38.2794871641878,-1.045741613603795,False,0.7419375340482128,False,0
558,0.2862743204632976,9.997067467605065,36.22431764845361,-1.044978026496062,False,0.7428431419884176,False,0
559,0.2521084908007788,9.997068928786756,34.16582969376425,-1.0440901094948298,False,0.7436972877299806,False,0
560,0.2200048991243286,9.997070147384905,32.10359169957816,-1.0431545062856724,False,0.7444998775218918,False,0
561,0.1899678181686407,9.997071131700526,30.03708097181593,-1.0422498822445516,False,0.7452508045457841,False,0
562,0.1620021622867605,9.997071893884698,27.965655892266593,-1.0414538126286739,False,0.745949945942831,False,0
563,0.13611364580457647,9.99707244961416,25.88851648814877,-1.0408397223914698,False,0.7465971588548856,False,0
564,0.11230899878150735,9.997072817722815,23.804647025915283,-1.0404740035967202,False,0.7471922750304624,False,0
565,0.09059626906147206,9.997073019796668,21.71272972097561,-1.0404134319499576,False,0.7477350932734633,False,0
566,0.07098525906574775,9.997073079741227,19.611009995815923,-1.0407029969460446,False,0.7482253685233564,False,0
567,0.05348818293657942,9.997073023332698,17.497076129259256,-1.041374253403312,False,0.7486627954265856,False,0
568,0.03812070531221845,9.997072877768364,15.36747762505038,-1.042444302331334,False,0.7490469823671947,False,0
569,0.024903691352313607,9.997072671240097,13.217013961518443,-1.0439155335383323,False,0.7493774077161922,False,0
570,0.013866418040376359,9.997072432575425,11.037273314517632,-1.0457763646195788,False,0.7496533395489907,False,0
571,0.005053228554538963,9.997072191049616,8.813189489146907,-1.0480035918717523,False,0.7498736692861366,False,0
572,-0.0014598007700000037,9.997071976687975,6.5130293280665805,-5.984372649411148,False,0.7500732005828008,False,0
573,-0.0014595595348611474,9.990738947364504,6.333029328066581,-1.0522596463727991,False,0.7502315263158875,False,0
574,-0.001459294774647333,9.984565918042115,6.173029328066581,-1.0541751810078752,False,0.7503858520489473,False,0
575,-0.0014590096564371993,9.978532888720785,6.033029328066581,-1.056184783722898,False,0.7505366777819804,False,0
576,-0.0014587071633065268,9.972619859400456,5.913029328066581,-1.0582111284612716,False,0.7506845035149887,False,0
577,-0.0014583901008625383,9.966806830081037,5.813029328066581,-1.060175823023654,False,0.7508298292479741,False,0
578,-0.001458061112166836,9.96107380076241,5.733029328066581,-1.0620025343210173,False,0.7509731549809399,False,0
579,-0.0014577227000611207,9.955400771444436,5.6730293280665816,-1.0636200315373057,False,0.7511149807138893,False,0
580,-0.0014573772557511465,9.949767742126962,5.6330293280665815,-1.0649650258805687,False,0.751255806446826,False,0
581,-0.001457027092370679,9.944154712809818,5.613029328066582,-1.0659846937108404,False,0.7513961321797546,False,0
582,-0.0014566744821407707,9.938541683492826,5.613029328066582,-1.0666387824551808,False,0.7515364579126794,False,0
583,-0.0014563216956623086,9.932908654175806,5.6330293280665815,-1.0669012153542075,False,0.7516772836456049,False,0
584,-0.0014559710418327895,9.927235624858577,5.6730293280665816,-1.0667611310635314,False,0.7518191093785356,False,0
585,-0.0014556249068625059,9.921502595540959,5.733029328066581,-1.066223316664711,False,0.7519624351114761,False,0
586,-0.0014552857908810206,9.915689566222785,5.813029328066581,-1.065308016822766,False,0.7521077608444304,False,0
587,-0.00145495634067176,9.909776536903896,5.913029328066581,-1.0640501266987532,False,0.7522555865774027,False,0
588,-0.0014546393771499833,9.903743507584156,6.033029328066581,-1.0624978007932055,False,0.7524064123103962,False,0
589,-0.0014543379163060328,9.89757047826345,6.173029328066581,-1.060710533181604,False,0.7525607380434138,False,0
590,-0.0014540551824698627,9.891237448941695,6.333029328066581,-1.0587567856768592,False,0.7527190637764577,False,0
591,-0.0014537946129121022,9.884724419618841,6.5130293280665805,-1.056711258476105,False,0.7528818895095291,False,0
592,-0.0014535598529787823,9.87801139029488,6.713029328066581,-1.0546519121032432,False,0.7530497152426281,False,0
593,-0.001453354741158109,9.871078360969847,6.9330293280665805,-1.0526568593720607,False,0.7532230409757539,False,0
594,-0.0014531832836950477,9.86390533164383,7.173029328066581,-1.0508012512781932,False,0.7534023667089043,False,0
595,-0.0014530496185991926,9.856472302316964,7.4330293280665805,-1.049154280969349,False,0.753588192442076,False,0
596,-0.001452957969129514,9.848759272989442,7.713029328066581,-1.0477764252357784,False,0.753781018175264,False,0
597,-0.001452912587081972,9.840746243661505,8.013029328066581,-1.0467170334945766,False,0.7539813439084625,False,0
598,-0.001452917686448415,9.832413214333439,8.333029328066582,-1.0460123603867282,False,0.7541896696416641,False,0
599,-0.001452977368253335,9.823740185005578,8.673029328066582,-1.0456841204214404,False,0.7544064953748606,False,0
600,-0.0014530955376046992,9.814707155678285,9.033029328066581,-1.0457386222892997,False,0.754632321108043,False,0
601,-0.001453275814211886,9.805294126351944,9.413029328066582,-1.046166517356471,False,0.7548676468412014,False,0
602,-0.0014535214378238528,9.79548109702695,9.813029328066582,-1.0469431723664961,False,0.7551129725743263,False,0
603,-0.0014538351702200521,9.785248067703693,10.233029328066582,-1.0480296514914242,False,0.7553687983074078,False,0
604,-0.0014542191955417773,9.774575038382535,10.673029328066582,-1.0493742685806924,False,0.7556356240404367,False,0
605,-0.0014546750208793394,9.7634420090638,11.133029328066582,-1.0509146477245237,False,0.7559139497734051,False,0
606,-0.0014552033791278968,9.751828979747753,11.613029328066583,-1.052580209983888,False,0.7562042755063063,False,0
607,-0.0014558041361893612,9.739715950434585,12.113029328066583,-1.054294987148222,False,0.7565071012391356,False,0
608,-0.001456476204627849,9.727082921124396,12.633029328066582,-1.0559806503461178,False,0.7568229269718902,False,0
609,-0.001457217465879949,9.713909891817185,13.173029328066583,-1.0575596327670522,False,0.7571522527045704,False,0
610,-0.0014580247030780069,9.700176862512842,13.733029328066584,-1.0589582220013942,False,0.757495578437179,False,0
611,-0.001458893546464166,9.685863833211146,14.313029328066584,-1.0601094987169815,False,0.7578534041697215,False,0
612,-0.0014598184332554015,9.67095080391176,14.913029328066584,-1.0609560045159183,False,0.7582262299022061,False,0
613,-0.001460792583666149,9.65541777461424,15.533029328066583,-1.061452032613322,False,0.7586145556346441,False,0
614,-0.0014618079946066005,9.639244745318049,16.173029328066583,-1.0615654500153133,False,0.7590188813670489,False,0
615,-0.0014628554523535612,9.622411716022572,16.833029328066583,-1.0612789785520595,False,0.7594397070994358,False,0
616,-0.0014639245652392388,9.60489868672714,17.513029328066583,-1.060590883695104,False,0.7598775328318216,False,0
617,-0.0014650038171247807,9.58668565743105,18.213029328066582,-1.05951504369804,False,0.7603328585642238,False,0
618,-0.0014660806421231513,9.567752628133604,18.93302932806658,-1.0580803963042853,False,0.76080618429666,False,0
619,-0.0014671415207141534,9.548079598834143,19.67302932806658,-1.056329785079889,False,0.7612980100291465,False,0
620,-0.001468172097057512,9.527646569532065,20.43302932806658,-1.0543182513647582,False,0.7618088357616986,False,0
621,-0.0014691573169624966,9.506433540226878,21.213029328066582,-1.052110839936594,False,0.7623391614943282,False,0
622,-0.001470081585619814,9.484420510918214,22.013029328066583,-1.0497800058694706,False,0.7628894872270447,False,0
623,-0.001470928943848449,9.461587481605871,22.833029328066583,-1.0474027259669183,False,0.7634603129598533,False,0
624,-0.001471683261262417,9.437914452289823,23.673029328066583,-1.045057429928162,False,0.7640521386927546,False,0
625,-0.0014723284444249835,9.41338142297024,24.533029328066583,-1.0428208735923303,False,0.7646654644257441,False,0
626,-0.0014728486577368187,9.387968393647498,25.41302932806658,-1.0407650789142704,False,0.7653007901588127,False,0
627,-0.001473228554504473,9.361655364322173,26.31302932806658,-1.0389544626664828,False,0.7659586158919457,False,0
628,-0.0014734535153621035,9.334422334995036,27.233029328066582,-1.037443268335938,False,0.7666394416251242,False,0
629,-0.0014735098909771822,9.306249305667025,28.173029328066583,-1.036273403598911,False,0.7673437673583244,False,0
630,-0.0014733852457646445,9.277116276339225,29.133029328066584,-1.0354727695866068,False,0.7680720930915195,False,0
631,-0.00147306859916772,9.247003247012824,30.113029328066585,-1.0350541485488038,False,0.7688249188246795,False,0
632,-0.0014725506609412774,9.215890217689068,31.113029328066585,-1.035014694261001,False,0.7696027445577734,False,0
633,-0.0014718240567980726,9.183757188369217,32.133029328066584,-1.0353360454910085,False,0.7704060702907697,False,0
634,-0.001470883540752458,9.150584159054484,33.17302932806658,-1.0359850580015941,False,0.771235396023638,False,0
635,-0.0014697261905217672,9.116351129745981,34.233029328066586,-1.0369151259065998,False,0.7720912217563506,False,0
636,-0.0014683515824242173,9.081038100444669,35.313029328066584,-1.0380680397025603,False,0.7729740474888834,False,0
637,-0.00146676194234411,9.044625071151302,36.413029328066585,-1.0393763069014894,False,0.7738843732212176,False,0
638,-0.0014649622695205482,9.00709204186638,37.53302932806658,-1.0407658427493236,False,0.7748226989533405,False,0
639,-0.001462960430153609,8.968419012590125,38.67302932806658,-1.0421589237589843,False,0.775789524685247,False,0
640,-0.0014607672181104652,8.928585983322439,39.83302932806658,-1.0434772863102832,False,0.7767853504169392,False,0
641,-0.0014583963803511677,8.887572954062897,41.01302932806658,-1.0446452467854606,False,0.7778106761484277,False,0
642,-0.0014558646050758701,8.845359924810753,42.21302932806658,-1.0455927188497043,False,0.7788660018797313,False,0
643,-0.0014531914710194287,8.801926895564947,43.43302932806658,-1.0462580075880044,False,0.7799518276108764,False,0
644,-0.0014503993567799793,8.757253866324135,44.67302932806658,-1.046590269104308,False,0.7810686533418969,False,0
645,-0.0014475133095610553,8.711320837086735,45.93302932806658,-1.0465515375262124,False,0.7822169790728317,False,0
646,-0.001444560873225667,8.664107807850982,47.21302932806658,-1.0461182386056223,False,0.7833973048037257,False,0
647,-0.0014415718761000352,8.615594778614994,48.51302932806658,-1.045282129571777,False,0.7846101305346252,False,0
648,-0.0014385781795168966,8.56576174937685,49.83302932806658,-1.0440506277681614,False,0.7858559562655789,False,0
649,-0.0014356133886473537,8.514588720134668,51.17302932806658,-1.0424465149710473,False,0.7871352819966335,False,0
650,-0.0014327125277281117,8.462055690886695,52.53302932806658,-1.040507029177743,False,0.7884486077278328,False,0
651,-0.0014299116823405554,8.408142661631382,53.913029328066585,-1.0382823800709533,False,0.7897964334592157,False,0
652,-0.001427247611932085,8.352829632367472,55.313029328066584,-1.0358337473443342,False,0.7911792591908134,False,0
653,-0.001424757336280322,8.29609660309406,56.733029328066586,-1.0332308416873834,False,0.7925975849226486,False,0
654,-0.0014224777000802187,8.23792357381066,58.17302932806658,-1.0305491256669543,False,0.7940519106547337,False,0
655,-0.0014204449202757097,8.17829054451724,59.633029328066584,-1.0278668052992945,False,0.7955427363870692,False,0
656,-0.001418694121153559,8.117177515214253,61.11302932806658,-1.0252617122475556,False,0.7970705621196439,False,0
657,-0.001417258862562035,8.054564485902636,62.61302932806658,-1.022808200944032,False,0.7986358878524343,False,0
658,-0.0014161706669039316,7.990431456583802,64.13302932806658,-1.0205741843356897,False,0.8002392135854051,False,0
659,-0.0014154585507776582,7.924758427259596,65.67302932806659,-1.0186184264305582,False,0.8018810393185103,False,0
660,-0.0014151485672960515,7.857525397932244,67.23302932806659,-1.0169881995812338,False,0.8035618650516941,False,0
661,-0.001415263365197073,7.788712368604274,68.81302932806659,-1.0157173999013929,False,0.8052821907848935,False,0
662,-0.001415821770869284,7.718299339278421,70.41302932806659,-1.0148251959487793,False,0.8070425165180397,False,0
663,-0.001416838399346883,7.646266309957529,72.03302932806659,-1.0143152645456364,False,0.8088433422510619,False,0
664,-0.001418323300181768,7.572593280644426,73.67302932806659,-1.0141756442028067,False,0.8106851679838895,False,0
665,-0.0014202816438732757,7.497260251341814,75.33302932806659,-1.0143792119899577,False,0.8125684937164549,False,0
666,-0.0014227134542310084,7.420247222052142,77.0130293280666,-1.014884764841227,False,0.8144938194486966,False,0
667,-0.0014256133916634036,7.341534192777495,78.7130293280666,-1.0156386621865776,False,0.8164616451805629,False,0
668,-0.0014289689223643434,7.261141163519456,80.3930293280666,-1.0165969643814565,False,0.8184714709120139,False,0
669,-0.0014327613484777962,7.179088134279031,82.0530293280666,-1.0176879817920115,False,0.8205227966430246,False,0
670,-0.0014369658800292941,7.095395105056577,83.6930293280666,-1.0188351328170973,False,0.8226151223735857,False,0
671,-0.001441551788553644,7.0100820758517655,85.3130293280666,-1.019959996933966,False,0.824747948103706,False,0
672,-0.0014464826414556037,6.9231690466635705,86.9130293280666,-1.0209854410502435,False,0.8269207738334109,False,0
673,-0.0014517166150875976,6.834676017490287,88.4930293280666,-1.021838694527349,False,0.829133099562743,False,0
674,-0.0014572068834972855,6.744622988329583,90.0530293280666,-1.0224542502817866,False,0.8313844252917606,False,0
675,-0.0014629020787996114,6.653029959178578,91.5930293280666,-1.0227764763080955,False,0.8336742510205357,False,0
676,-0.0014687468181775751,6.55991693003395,93.1130293280666,-1.0227618335109532,False,0.8360020767491514,False,0
677,-0.0014746822916225913,6.465303900892062,94.6130293280666,-1.022380611427517,False,0.8383674024776988,False,0
678,-0.0014806469037034055,6.369210871749111,96.0930293280666,-1.0216181126444872,False,0.8407697282062725,False,0
679,-0.0014865769619099955,6.271657842601282,97.5530293280666,-1.0204752386898823,False,0.8432085539349682,False,0
680,-0.0014924074034663184,6.172664813444915,98.9930293280666,-1.018968454043676,False,0.8456833796638774,False,0
681,-0.0014980492494735373,6.072664813604067,100.0,-1.0173356437447636,False,0.8481833796598985,False,0
682,-0.0015033868204201123,5.9726648137465155,100.0,-1.0159088039175657,False,0.8506833796563371,False,0
683,-0.0015083667850615068,5.872664813870515,100.0,-1.0142413369886383,False,0.8531833796532371,False,0
684,-0.00151293938523714,5.772664813975059,100.0,-1.012399723484046,False,0.8556833796506236,False,0
685,-0.0015170589330375196,5.672664814059912,100.0,-1.010457386287019,False,0.8581833796485023,False,0
686,-0.0015206842673026859,5.572664814125627,100.0,-1.0084917634630182,False,0.8606833796468594,False,0
687,-0.001523779164890948,5.472664814173519,100.0,-1.006581221017138,False,0.8631833796456624,False,0
688,-0.001526312702608579,5.372664814205613,100.0,-1.0048019286599288,False,0.86568337964486,False,0
689,-0.0015282595661840913,5.272664814224564,100.0,-1.0032248231374952,False,0.8681833796443861,False,0
690,-0.0015296003032001428,5.172664814233552,100.0,-1.0019127801878311,False,0.8706833796441613,False,0
691,-0.0015303215174555806,5.072664814236153,100.0,-1.0009181078678553,False,0.8731833796440964,False,0
692,-0.0015304160028159547,4.9726648142361976,100.0,-1.000280461186368,False,0.8756833796440953,False,0
693,-0.0015298828152147694,4.872664814237619,100.0,-1.000025261177934,False,0.8781833796440598,False,0
694,-0.001528727282086295,4.772664814244295,100.0,-1.0001626814459814,False,0.880683379643893,False,0
695,-0.0015269609491356329,4.672664814259894,100.0,-1.0006872425773636,False,0.883183379643503,False,0
696,-0.0015246014649778136,4.57266481428773,100.0,-1.0015780305983886,False,0.8856833796428071,False,0
697,-0.0015216724047986913,4.472664814330627,100.0,-1.0027995307624955,False,0.8881833796417345,False,0
698,-0.0015182030347994277,4.372664814390809,100.0,-1.0043030434297502,False,0.8906833796402299,False,0
699,-0.0015142280197783067,4.272664814469813,100.0,-1.006028625590562,False,0.8931833796382547,False,0
700,-0.0015097870767715388,4.172664814568423,100.0,-1.0079074806310149,False,0.8956833796357895,False,0
701,-0.0015049245782137166,4.072664814686642,100.0,-1.0098647010683959,False,0.898183379632834,False,0
702,-0.001499689108583144,3.972664814823693,100.0,-1.0118222549099005,False,0.9006833796294078,False,0
703,-0.0014941329789617676,3.872664814978046,100.0,-1.0137020965805423,False,0.903183379625549,False,0
704,-0.001488311704360138,3.772664815147482,100.0,-1.0154292783943601,False,0.9056833796213131,False,0
705,-0.0014822834490298043,3.6726648153291817,100.0,-1.0169349385252617,False,0.9081833796167706,False,0
706,-0.0014761084453052855,3.572664815519835,100.0,-1.0181590463565897,False,0.9106833796120043,False,0
707,-0.0014698483917825272,3.4726648157157762,100.0,-1.0190527957586937,False,0.9131833796071057,False,0
708,-0.001463565836846969,3.3726648159131285,100.0,-1.0195805508839064,False,0.9156833796021719,False,0
709,-0.0014573235537106938,3.272664816107959,100.0,-1.019721266903788,False,0.9181833795973012,False,0
710,-0.001451183913203307,3.1726648162964346,100.0,-1.019469329049069,False,0.9206833795925893,False,0
711,-0.0014452082605831997,3.0726648164749766,100.0,-1.0188347765013304,False,0.9231833795881257,False,0
712,-0.0014394563025960133,2.9726648166404015,100.0,-1.0178429022104671,False,0.9256833795839902,False,0
713,-0.0014339855109045852,2.8726648167900493,100.0,-1.0165332445909872,False,0.928183379580249,False,0
714,-0.0014288505478510939,2.7726648169218886,100.0,-1.01495801129495,False,0.930683379576953,False,0
715,-0.0014241027202889936,2.672664817034598,100.0,-1.013179997900596,False,0.9331833795741352,False,0
716,-0.0014197894669419047,2.5726648171276185,100.0,-1.0112700844901608,False,0.9356833795718097,False,0
717,-0.0014159538844115637,2.472664817201177,100.0,-1.0093044099224115,False,0.9381833795699707,False,0
718,-0.0014126487906771848,2.37310144092912,99.56337632691445,-1.0075796486499788,False,0.940672463976772,False,0
719,-0.001409946438562899,2.275558566288151,97.54287467840274,-1.0067468904215195,False,0.9431110358427962,False,0
720,-0.0014078510876004383,2.1800366269361247,95.52193937500795,-1.0060878853491437,False,0.945499084326597,False,0
721,-0.0014063599228298972,2.086536075374484,93.50055157353118,-1.0056691972328373,False,0.947836598115638,False,0
722,-0.0014054633194139673,1.9950573842081578,91.47869117072023,-1.0055478192989589,False,0.9501235653947961,False,0
723,-0.001405145183061424,1.9056010475206906,89.45633668803299,-1.005768902514876,False,0.9523599738119827,False,0
724,-0.0014053833604289652,1.8181675823781256,87.43346514288947,-1.0063639560470712,False,0.954545810440547,False,0
725,-0.0014061501129187083,1.7327575304771072,85.41005190446012,-1.0073495916077086,False,0.9566810617380724,False,0
726,-0.0014074126466270254,1.6493714599549598,83.3860705317052,-1.0087268617530234,False,0.9587657135011262,False,0
727,-0.0014091336906364407,1.568009967382196,81.36149259096655,-1.0104812185188832,False,0.9607997508154452,False,0
728,-0.0014112721153819053,1.4886736799610794,79.33628744993592,-1.0125830940480045,False,0.9627831580009732,False,0
729,-0.00141378358246878,1.4113632579576592,77.31042204421327,-1.0149890800675907,False,0.9647159185510588,False,0
730,-0.001416621217077884,1.33607939739918,75.2838606119578,-1.0176436592023403,False,0.9665980150650207,False,0
731,-0.0014197362939620648,1.2628228330741786,73.25656439123239,-1.0204814191105251,False,0.9684294291731458,False,0
732,-0.001423078928021306,1.1915943418790567,71.22849127355413,-1.0234296611801565,False,0.9702101414530238,False,0
733,-0.0014265987605373367,1.1223947465627755,69.1995954057991,-1.026411299798638,False,0.9719401313359307,False,0
734,-0.0014302456323520662,1.0552249199308605,67.16982673091529,-1.0293479366221312,False,0.9736193770017287,False,0
735,-0.001433970235583425,0.9900857895815779,65.13913045576759,-1.0321629872995817,False,0.9752478552604606,False,0
736,-0.0014377247358823117,0.9269783432615111,63.10744643175153,-1.0347847360177604,False,0.9768255414184625,False,0
737,-0.0014414633577395986,0.8659036349455573,61.07470843038154,-1.037149196111825,False,0.9783524091263611,False,0
738,-0.001445142925944954,0.8068627917685405,59.04084329167665,-1.0392026627262283,False,0.9798284302057866,False,0
739,-0.0014487233569724497,0.7498570219635043,57.00576991747639,-1.040903855788698,False,0.9812535744509124,False,0
740,-0.0014521680948114252,0.6948876239970186,54.96939807442052,-1.042225567902673,False,0.9826278094000745,False,0
741,-0.0014554444865662343,0.6419559971368565,52.93162696156413,-1.04315575150859,False,0.9839511000715786,False,0
742,-0.0014585240940044287,0.5910636537454037,50.89234348462962,-1.0436980020295876,False,0.9852234086563648,False,0
743,-0.0014613829381289608,0.5422122336675927,48.85142016146244,-1.0438714178129171,False,0.9864446941583102,False,0
744,-0.0014640016747753037,0.4954035211813185,46.808712559527535,-1.0437098425419806,False,0.9876149119704669,False,0
745,-0.0014663657001773441,0.45063946511010455,44.764056133636956,-1.0432605204391825,False,0.9887340133722473,False,0
746,-0.001468465186396191,0.40792220287523406,42.71726228646373,-0.8386211165856641,True,1.0,False,0
